id,p,year,propDev
1294_1-2,fallMig,2006,0
1294_1-2,springMig,2006,9.83380863408398e-05
1294_1-2,winter1,2006,0.00261964091751326
1306_1-2,fallMig,2006,0.00649087221095335
1306_1-2,springMig,2006,0.0118976526252928
1306_1-2,winter1,2006,0.00330583525415504
1311_1-2,fallMig,2006,3.36343608630577e-05
1311_1-2,springMig,2006,0.00111306928856321
1311_1-2,winter1,2006,0.000493465322845949
143_1-2,fallMig,2006,0.000365146743347483
143_1-2,springMig,2006,0.00767082611615822
143_1-2,winter1,2006,0.0142630744849445
145_1-2,fallMig,2006,0.000172910662824207
145_1-2,springMig,2006,0.0077174771522058
145_1-2,winter1,2006,0.00416508898144642
146_1-2,fallMig,2006,0.000442096935570189
146_1-2,springMig,2006,0.00644791125925521
146_1-2,winter1,2006,0.0617977528089888
147_1-2,fallMig,2006,0.00144989882574128
147_1-2,springMig,2006,0.00130953201461162
147_1-2,winter1,2006,0.0101418057799318
148_1-2,fallMig,2006,0.000834628446439878
148_1-2,springMig,2006,0.00233155975369164
148_1-2,winter1,2006,0.0325024437927664
149_1-2,fallMig,2006,0.000341728462563647
149_1-2,springMig,2006,0.00706493007161052
149_1-2,winter1,2006,0.00506100316312698
150_1-2,fallMig,2006,0.000356125356125356
150_1-2,springMig,2006,0.000158493676102324
150_1-2,winter1,2006,0.00656197241423247
151_1-2,fallMig,2006,2.97371238253836e-05
151_1-2,springMig,2006,0.000581331976892054
151_1-2,winter1,2006,0.00430060816681147
152_1-2,fallMig,2006,0.00079405054665047
152_1-2,springMig,2006,0.000767742529865184
152_1-2,winter1,2006,0.0102806649862641
153_1-2,fallMig,2006,0.000802314875706958
153_1-2,springMig,2006,0.000971817298347911
153_1-2,winter1,2006,0.00174172679771087
852_1-2,fallMig,2006,0.00152193889271767
852_1-2,springMig,2006,0.000785994998213648
852_1-2,winter1,2006,0.00950808320238634
854_1-2,fallMig,2006,0.00141477217289492
854_1-2,springMig,2006,0.000569719413189004
854_1-2,winter1,2006,0
1294_1-2,winter2,2007,0.00137879941555368
1306_1-2,winter2,2007,0.00205843117507266
1311_1-2,winter2,2007,0.000133453441430621
143_1-2,winter2,2007,0.00721885085159278
145_1-2,winter2,2007,0.00589138757077688
146_1-2,winter2,2007,0.00586283185840708
147_1-2,winter2,2007,0.00512820512820513
148_1-2,winter2,2007,0.0110868469679153
149_1-2,winter2,2007,0.00983986564798827
149_2-3,fallMig,2007,0.00589970501474926
149_2-3,springMig,2007,0.00453220225066076
149_2-3,winter1,2007,0.00769377807512186
150_1-2,winter2,2007,0.00818240323618645
151_1-2,winter2,2007,0.00583422435033239
152_1-2,winter2,2007,0.00754037163260189
153_1-2,winter2,2007,0.00886281680125959
727_1-2,fallMig,2007,0.000106342575009495
727_1-2,springMig,2007,0.000184295827325651
727_1-2,winter1,2007,0.00455830298708905
728_1-2,fallMig,2007,0.0120044324058114
728_1-2,springMig,2007,0.0103815282747322
728_1-2,winter1,2007,0.0181000067663577
729_1-2,fallMig,2007,0.00233540709731186
729_1-2,springMig,2007,0.00431272572763969
729_1-2,winter1,2007,0.00321872273862166
730_1-2,fallMig,2007,0.000881734530080713
730_1-2,springMig,2007,0.00117794301700655
730_1-2,winter1,2007,0.0194726742946486
733_1-2,fallMig,2007,0.00909571851535599
733_1-2,springMig,2007,0.008022000593377
733_1-2,winter1,2007,0.0162850812407681
734_1-2,fallMig,2007,0.000324212543228339
734_1-2,springMig,2007,0.000815433940584518
734_1-2,winter1,2007,0.00451905660025023
737_1-2,fallMig,2007,0.000131950492175336
737_1-2,springMig,2007,0.00400719830923434
737_1-2,winter1,2007,0.00605678155372842
739_1-2,fallMig,2007,0.00015778930325732
739_1-2,springMig,2007,0.000456156787019783
739_1-2,winter1,2007,0.00315499765053366
741_1-2,fallMig,2007,0
741_1-2,springMig,2007,0.00155997443897305
741_1-2,winter1,2007,0.00319801592481399
743_1-2,fallMig,2007,0.000991591844496665
743_1-2,springMig,2007,0
743_1-2,winter1,2007,0.00415978345242123
747_1-2,fallMig,2007,2.94700547406267e-05
747_1-2,springMig,2007,0.000310393665502519
747_1-2,winter1,2007,0.000603304250974568
750_1-2,fallMig,2007,0.00717182211200107
750_1-2,springMig,2007,0.00714743076676805
750_1-2,winter1,2007,0
751_1-2,fallMig,2007,0.00807318517868504
751_1-2,springMig,2007,0.00050210497856398
751_1-2,winter1,2007,0.00427984157077694
752_1-2,fallMig,2007,0.00814287036180254
752_1-2,springMig,2007,0.00270561872354552
752_1-2,winter1,2007,0.00407045160792484
753_1-2,fallMig,2007,0.00230489546812102
753_1-2,springMig,2007,0.00221923090915706
753_1-2,winter1,2007,0.00227186671715259
755_1-2,fallMig,2007,0.00723103757768708
755_1-2,springMig,2007,8.21908800999441e-06
755_1-2,winter1,2007,0.00361046057767369
756_1-2,fallMig,2007,0.0039258391907992
756_1-2,springMig,2007,0.00241883282799033
756_1-2,winter1,2007,0.00564755618378224
757_1-2,fallMig,2007,0.0131347886298417
757_1-2,springMig,2007,0.00861871361114932
757_1-2,winter1,2007,0.0050740232273385
758_1-2,fallMig,2007,0.00133442383022685
758_1-2,springMig,2007,0.00451474352939067
758_1-2,winter1,2007,0.00885709419179015
761_1-2,fallMig,2007,0.000331490404536683
761_1-2,springMig,2007,0.00352185035324797
761_1-2,winter1,2007,0.000585754451733833
762_1-2,fallMig,2007,0.00680362638276637
762_1-2,springMig,2007,0.00796773878825328
762_1-2,winter1,2007,5.29969791721872e-05
763_1-2,fallMig,2007,0
763_1-2,springMig,2007,0.00261468619976203
763_1-2,winter1,2007,0.0147168478474157
766_1-2,fallMig,2007,1.42857142857143e-05
766_1-2,springMig,2007,6.0725671777744e-05
766_1-2,winter1,2007,0.00342541346130264
768_1-2,fallMig,2007,0.000865710644233004
768_1-2,springMig,2007,0.00343457258211643
768_1-2,winter1,2007,0.00233721913938716
852_1-2,winter2,2007,0.00747988812055284
854_1-2,winter2,2007,0.00519454901122746
149_2-3,winter2,2008,0.00448050503659609
149_3-4,fallMig,2008,0.00591882750845547
149_3-4,springMig,2008,0.0095922089766139
149_3-4,winter1,2008,0.00952765908303499
305_2-3,fallMig,2008,0
305_2-3,springMig,2008,0.0346965030603095
305_2-3,winter1,2008,0.0145606285929905
308_2-3,fallMig,2008,0.0180639445920915
308_2-3,springMig,2008,0.0151597347799879
308_2-3,winter1,2008,0.0154535786880612
311_2-3,fallMig,2008,0.0367077249367811
311_2-3,springMig,2008,0.0183560205497431
311_2-3,winter1,2008,0.0164022937146262
312_2-3,fallMig,2008,0.0177942061377117
312_2-3,springMig,2008,0.0140629033972694
312_2-3,winter1,2008,0.020583348717002
313_2-3,fallMig,2008,0.029047619047619
313_2-3,springMig,2008,0.0232426398307203
313_2-3,winter1,2008,0.0223648344100792
314_2-3,fallMig,2008,0.0258041958041958
314_2-3,springMig,2008,0.0264514224734918
314_2-3,winter1,2008,0.0129106363427521
315_2-3,fallMig,2008,0.0212348600429679
315_2-3,springMig,2008,0.0304240062058918
315_2-3,winter1,2008,0.0896560136618687
318_2-3,fallMig,2008,0.116696671744449
318_2-3,springMig,2008,0.119431760527651
318_2-3,winter1,2008,0.0758752502882107
319_2-3,fallMig,2008,0
319_2-3,springMig,2008,0.0175118628748507
319_2-3,winter1,2008,0.0160680973805082
321_2-3,fallMig,2008,0.0347339696494499
321_2-3,springMig,2008,0.0208024344090421
321_2-3,winter1,2008,0.0204982711233265
322_2-3,fallMig,2008,0.142426638739875
322_2-3,springMig,2008,0.115690147026553
322_2-3,winter1,2008,0.0575053572361888
323_2-3,fallMig,2008,0.152305272742323
323_2-3,springMig,2008,0.137603575086119
323_2-3,winter1,2008,0.0591277872921965
325_2-3,fallMig,2008,0.0365152690598773
325_2-3,springMig,2008,0.0285761892860118
325_2-3,winter1,2008,0.0594048802876157
326_2-3,fallMig,2008,0.0972307065770719
326_2-3,springMig,2008,0.12102000563539
326_2-3,winter1,2008,0.0181292090236346
328_2-3,fallMig,2008,0
328_2-3,springMig,2008,0.0212452600216685
328_2-3,winter1,2008,0.0154983552073795
331_2-3,fallMig,2008,0.0159023409181263
331_2-3,springMig,2008,0.0131096995548961
331_2-3,winter1,2008,0.0158342633928571
332_2-3,fallMig,2008,0.132459037946392
332_2-3,springMig,2008,0.159801077496892
332_2-3,winter1,2008,0.0555294972083945
333_2-3,fallMig,2008,0.029744787922358
333_2-3,springMig,2008,0.0156730790516459
333_2-3,winter1,2008,0.0167415499916106
334_2-3,fallMig,2008,0.0191229199227728
334_2-3,springMig,2008,0.0200717933161434
334_2-3,winter1,2008,0.0188460964323033
470_2-3,fallMig,2008,0.137730769230769
470_2-3,springMig,2008,0.125054017219027
470_2-3,winter1,2008,0.0500175597493577
727_1-2,winter2,2008,0.00343471034501247
727_2-3,fallMig,2008,0.00447335142994839
727_2-3,springMig,2008,0.00294416787109898
727_2-3,winter1,2008,0.00370441161747172
728_1-2,winter2,2008,0.0166414021266473
729_1-2,winter2,2008,0.000986264148971607
729_2-3,fallMig,2008,0.00351985920563178
729_2-3,springMig,2008,0.00294873014363169
729_2-3,winter1,2008,0.000982964125064283
729_2-3,winter2,2008,0.00172874681862565
730_1-2,winter2,2008,0.00717189537470277
730_2-3,fallMig,2008,0.000631728567292254
730_2-3,springMig,2008,0.00447001365837507
730_2-3,winter1,2008,0.00550248197059099
733_1-2,winter2,2008,0.0179995602550521
733_2-3,fallMig,2008,0.00748968727674971
733_2-3,springMig,2008,0.0115601573517405
733_2-3,winter1,2008,0.0145772594752187
734_1-2,winter2,2008,0.00418098742468966
736_2-3,fallMig,2008,0.00241395277048927
736_2-3,springMig,2008,0
736_2-3,winter1,2008,0.00991700286135746
737_1-2,winter2,2008,0.0039324734745395
737_2-3,springMig,2008,0.00025954973762907
737_2-3,winter1,2008,0.00600452268675378
739_1-2,winter2,2008,0.00481999460309485
739_2-3,fallMig,2008,0
739_2-3,springMig,2008,0.000617762000474513
739_2-3,winter1,2008,0.00518579011841568
740_2-3,fallMig,2008,0.000771303946948473
740_2-3,springMig,2008,0.00385411277806518
740_2-3,winter1,2008,0.0092286798975277
741_1-2,winter2,2008,0.00262476138532861
741_2-3,springMig,2008,0.00477766984517178
741_2-3,winter1,2008,0.00375652173913044
743_1-2,winter2,2008,0.00377786705573059
747_1-2,winter2,2008,0.00573992737881935
747_2-3,fallMig,2008,0
747_2-3,springMig,2008,0.00127884123522602
747_2-3,winter1,2008,0.00728284908106459
750_1-2,winter2,2008,0.00183632734530938
750_2-3,fallMig,2008,0.00361115123501372
750_2-3,springMig,2008,0.00284370297522424
750_2-3,winter1,2008,0.0045630880363858
751_1-2,winter2,2008,0.00351557366276777
751_2-3,fallMig,2008,0.00273854136638801
751_2-3,springMig,2008,0.000266714082503556
751_2-3,winter1,2008,0.00187116199159678
752_1-2,winter2,2008,0.00338787328165199
752_2-3,fallMig,2008,0.00394236121884668
752_2-3,springMig,2008,0.00409344192027433
752_2-3,winter1,2008,0.0025381405213108
753_1-2,winter2,2008,0.00333158774095409
753_2-3,fallMig,2008,0.00530623116575183
753_2-3,springMig,2008,0.00328348504551365
753_2-3,winter1,2008,0.00326536852796313
753_2-3,winter2,2008,0.00435991427737775
755_1-2,winter2,2008,0.00615318416523236
756_1-2,winter2,2008,0.00257914797936682
756_2-3,fallMig,2008,0.00263790374582332
756_2-3,springMig,2008,0.000301096852820991
756_2-3,winter1,2008,0.0028611817924795
757_1-2,winter2,2008,0.0162303470320766
758_1-2,winter2,2008,0.00823906133133882
758_2-3,fallMig,2008,0.000204974036622028
758_2-3,springMig,2008,0.00544364921255647
758_2-3,winter1,2008,0.0138522539693344
761_1-2,winter2,2008,0.0022463451357521
761_2-3,springMig,2008,0.00265906495934772
761_2-3,winter1,2008,0.00256185679877381
762_1-2,winter2,2008,0.00365965233302836
763_1-2,winter2,2008,0.0125800980022616
763_2-3,fallMig,2008,0.00520819871281243
763_2-3,springMig,2008,0.00210834046738675
763_2-3,winter1,2008,0.0116085629147548
766_1-2,winter2,2008,0.00240517769161249
766_2-3,springMig,2008,0
766_2-3,winter1,2008,0.00168288193531423
767_2-3,fallMig,2008,0.00419417915946383
767_2-3,springMig,2008,0.00816948967921137
767_2-3,winter1,2008,0.00690651095623784
768_1-2,winter2,2008,0.00603364382038093
768_2-3,springMig,2008,0.00516838079679204
768_2-3,winter1,2008,0.0034238714613619
769_1-2,springMig,2008,0.00201775625504439
769_1-2,winter1,2008,0
772_1-2,fallMig,2008,0.00814497341324181
772_1-2,springMig,2008,0.00556884069839814
772_1-2,winter1,2008,0
773_1-2,springMig,2008,0.021930328811221
773_1-2,winter1,2008,0.0124928036845135
778_1-2,springMig,2008,0.0106752421018627
778_1-2,winter1,2008,0.00702136249539223
779_1-2,fallMig,2008,0
779_1-2,springMig,2008,0.000697620339508565
779_1-2,winter1,2008,0.00330839505244558
781_1-2,fallMig,2008,0.00185241421196477
781_1-2,springMig,2008,0.000878280636495144
781_1-2,winter1,2008,0.00277450595471797
783_1-2,fallMig,2008,0.0144963449386693
783_1-2,springMig,2008,0.00960738331189954
783_1-2,winter1,2008,0.000249012841947992
149_3-4,winter2,2009,0.0125342138419429
211_1-2,fallMig,2009,0
211_1-2,springMig,2009,0
211_1-2,winter1,2009,0
212_1-2,fallMig,2009,2.42315567563638e-05
212_1-2,springMig,2009,0
212_1-2,winter1,2009,0
215_1-2,fallMig,2009,0
215_1-2,springMig,2009,7.62590366958485e-05
215_1-2,winter1,2009,0
217_1-2,fallMig,2009,2.96024392409935e-05
217_1-2,springMig,2009,0
217_1-2,winter1,2009,0
218_1-2,fallMig,2009,0
218_1-2,springMig,2009,0
218_1-2,winter1,2009,0
305_2-3,winter2,2009,0.0344160297864002
308_2-3,winter2,2009,0.0178187540169766
308_3-4,fallMig,2009,0.0302805470082895
308_3-4,springMig,2009,0.0166843080179942
308_3-4,winter1,2009,0.0218543902754429
311_2-3,winter2,2009,0.058821006276719
312_2-3,winter2,2009,0.0194942657082374
312_3-4,fallMig,2009,0.0104178462235307
312_3-4,springMig,2009,0.0153833922963787
312_3-4,winter1,2009,0.0206617150573937
313_2-3,winter2,2009,0.0225671985051028
313_3-4,fallMig,2009,0.0194845812222431
313_3-4,springMig,2009,0.0320548836384067
313_3-4,winter1,2009,0.0215724897358616
314_2-3,winter2,2009,0.00542730870573909
314_3-4,fallMig,2009,0.00920957589516046
314_3-4,springMig,2009,0.0167775060136241
314_3-4,winter1,2009,0.0102576849780429
315_2-3,winter2,2009,0.121540523218552
318_2-3,winter2,2009,0.0680125010558324
318_3-4,fallMig,2009,0.0794690736535728
318_3-4,springMig,2009,0.166468368630384
318_3-4,winter1,2009,0.0658113642180701
319_2-3,winter2,2009,0.0590607932078765
321_2-3,winter2,2009,0.0375782157280779
322_2-3,winter2,2009,0.0790244138498391
322_3-4,fallMig,2009,0.100492806726031
322_3-4,springMig,2009,0.125045058034749
322_3-4,winter1,2009,0.081562966446521
323_2-3,winter2,2009,0.0133605457603417
323_3-4,fallMig,2009,0.125033352900368
323_3-4,springMig,2009,0.117728924512255
323_3-4,winter1,2009,0.0166082814587061
325_2-3,winter2,2009,0.014640247514976
325_3-4,fallMig,2009,0.0368494657234797
325_3-4,springMig,2009,0.0252487746918164
325_3-4,winter1,2009,0.0165234840408854
326_2-3,winter2,2009,0.0172577492320581
326_3-4,fallMig,2009,0.0995579315307906
326_3-4,springMig,2009,0.110114902506964
326_3-4,winter1,2009,0.0181138412939601
328_2-3,winter2,2009,0.0167547844217738
328_3-4,fallMig,2009,0.0238562619800928
328_3-4,springMig,2009,0.0214691801316577
328_3-4,winter1,2009,0.016117749111565
331_2-3,winter2,2009,0.0522226340851416
332_2-3,winter2,2009,0.0763500555163016
332_3-4,fallMig,2009,0.116333576156843
332_3-4,springMig,2009,0.144873732882803
332_3-4,winter1,2009,0.0740225890529974
333_2-3,winter2,2009,0.0150658338960162
333_3-4,fallMig,2009,0.0417268681731492
333_3-4,springMig,2009,0.015252390751725
333_3-4,winter1,2009,0.0170259841882302
334_2-3,winter2,2009,0.0331121498381983
334_3-4,springMig,2009,0.0161925675109375
334_3-4,winter1,2009,0.0173487463248051
335_2-3,fallMig,2009,0.0273930107061438
335_2-3,springMig,2009,0.0161660377358491
335_2-3,winter1,2009,0.0261635381846233
451_1-2,fallMig,2009,0.0208322031139804
451_1-2,springMig,2009,0.093387843362503
451_1-2,winter1,2009,0.0182237691134488
452_1-2,fallMig,2009,0.0166965640954878
452_1-2,springMig,2009,0.0190697864347258
452_1-2,winter1,2009,0.0182021162993884
453_1-2,fallMig,2009,0.010621351216442
453_1-2,springMig,2009,0.0197585032942502
453_1-2,winter1,2009,0.0183621422499292
454_1-2,fallMig,2009,0.0335051546391753
454_1-2,springMig,2009,0.0528073803085732
454_1-2,winter1,2009,0.0338860197517441
455_1-2,fallMig,2009,0.0358932625176682
455_1-2,springMig,2009,0.0141622297428381
455_1-2,winter1,2009,0.0127528992919484
456_1-2,fallMig,2009,0.290762554246745
456_1-2,springMig,2009,0.134355175827802
456_1-2,winter1,2009,0.0971830985915493
457_1-2,fallMig,2009,0.0198192078587104
457_1-2,springMig,2009,0
457_1-2,winter1,2009,0.00899385052981592
470_2-3,winter2,2009,0.0774871954058668
470_3-4,fallMig,2009,0.12155978513164
470_3-4,springMig,2009,0.168012871027055
470_3-4,winter1,2009,0.110100276122657
531_1-2,fallMig,2009,5.77953549047615e-05
531_1-2,springMig,2009,0.000207016258738475
531_1-2,winter1,2009,0.000576265081937691
532_1-2,fallMig,2009,0
532_1-2,springMig,2009,2.33748626726818e-05
532_1-2,winter1,2009,1.38155895112044e-05
533_1-2,fallMig,2009,1.82862158504919e-05
533_1-2,springMig,2009,0.00014695077149155
533_1-2,winter1,2009,3.86727511795189e-05
534_1-2,fallMig,2009,0
534_1-2,springMig,2009,0
534_1-2,winter1,2009,2.43920286850257e-05
535_1-2,fallMig,2009,0
535_1-2,springMig,2009,0
535_1-2,winter1,2009,3.41547551957921e-05
539_1-2,fallMig,2009,2.0645800644149e-05
539_1-2,springMig,2009,0
539_1-2,winter1,2009,5.36308055346991e-05
540_1-2,fallMig,2009,0
540_1-2,springMig,2009,0
540_1-2,winter1,2009,1.6398953746751e-05
542_1-2,fallMig,2009,0
542_1-2,springMig,2009,0
542_1-2,winter1,2009,3.0130010997454e-05
544_1-2,fallMig,2009,0
544_1-2,springMig,2009,0
544_1-2,winter1,2009,1.93986420950533e-05
547_1-2,fallMig,2009,0
547_1-2,springMig,2009,0
547_1-2,winter1,2009,0
548_1-2,fallMig,2009,0
548_1-2,springMig,2009,1.98438290652564e-05
548_1-2,winter1,2009,6.67663711141972e-06
549_1-2,fallMig,2009,4.23047635163719e-05
549_1-2,springMig,2009,7.85145055549013e-05
549_1-2,winter1,2009,0
550_1-2,fallMig,2009,0
550_1-2,springMig,2009,0
550_1-2,winter1,2009,8.73370073101075e-05
553_1-2,springMig,2009,1.44431445614339e-05
553_1-2,winter1,2009,0
555_1-2,fallMig,2009,0
555_1-2,springMig,2009,1.83884373505939e-05
555_1-2,winter1,2009,0
556_1-2,springMig,2009,0.000148997988527155
556_1-2,winter1,2009,5.97907324364723e-05
558_1-2,fallMig,2009,0
558_1-2,springMig,2009,9.38262338149747e-05
558_1-2,winter1,2009,0.000785792865000786
560_1-2,fallMig,2009,3.80488547294726e-05
560_1-2,springMig,2009,0
560_1-2,winter1,2009,0
561_1-2,fallMig,2009,0
561_1-2,springMig,2009,0
561_1-2,winter1,2009,2.34595849999414e-05
562_1-2,fallMig,2009,1.63945176732901e-05
562_1-2,springMig,2009,0
562_1-2,winter1,2009,9.67679504548094e-06
564_1-2,fallMig,2009,0.000310245869851858
564_1-2,springMig,2009,0
564_1-2,winter1,2009,5.36469617249562e-05
565_1-2,fallMig,2009,5.97349262647004e-05
565_1-2,springMig,2009,0.000112528659643003
565_1-2,winter1,2009,0
653_1-2,fallMig,2009,0.001001001001001
653_1-2,springMig,2009,0.00326310562531035
653_1-2,winter1,2009,0
727_2-3,winter2,2009,0.00373400143853696
730_2-3,winter2,2009,0.00545183470927257
733_2-3,winter2,2009,0.0102987969047126
736_2-3,winter2,2009,0.00864158846908653
737_2-3,winter2,2009,0.00314285714285714
739_2-3,winter2,2009,0.00235368233163297
740_2-3,winter2,2009,0.00844066069999273
741_2-3,fallMig,2009,0.000968288549987896
741_2-3,winter2,2009,0.00343686354378819
747_2-3,winter2,2009,0.00634900068025007
750_2-3,winter2,2009,0.00441256699078977
751_2-3,winter2,2009,0.00595532121548495
752_2-3,winter2,2009,0.00621794778667209
756_2-3,winter2,2009,0.00431655395942539
758_2-3,winter2,2009,0.00587875344202107
761_2-3,fallMig,2009,0.000108264652944122
761_2-3,winter2,2009,5.6414306668171e-05
763_2-3,winter2,2009,0.0091813092719711
766_2-3,fallMig,2009,0
766_2-3,winter2,2009,0.00503530418657728
767_2-3,winter2,2009,0.0123651741027219
768_2-3,fallMig,2009,0.014240892169135
768_2-3,winter2,2009,0.00591637658332561
769_1-2,fallMig,2009,0.00100916006831237
769_1-2,winter2,2009,0.00200289306776455
772_1-2,winter2,2009,0.00724453775696191
773_1-2,fallMig,2009,0.00945483806075236
773_1-2,winter2,2009,0.00812652068126521
778_1-2,fallMig,2009,0.00638477055954876
778_1-2,winter2,2009,0.00740951838130522
779_1-2,winter2,2009,0.00055616800246303
781_1-2,winter2,2009,0.00830847086370331
783_1-2,winter2,2009,0.00413308013563133
211_1-2,winter2,2010,0
212_1-2,winter2,2010,0
215_1-2,winter2,2010,5.63750822136616e-05
217_1-2,winter2,2010,0
218_1-2,winter2,2010,0
308_3-4,winter2,2010,0.0164963341479671
312_3-4,winter2,2010,0.0309658152087439
313_3-4,winter2,2010,0.0172180828475466
314_3-4,winter2,2010,0.00565054423070429
318_3-4,winter2,2010,0.0565040014783437
322_3-4,winter2,2010,0.0555307262569832
323_3-4,winter2,2010,0.0113208687897704
325_3-4,winter2,2010,0.0464790299254645
326_3-4,winter2,2010,0.0189683860232945
328_3-4,winter2,2010,0.0156069295244
332_3-4,winter2,2010,0.0578362557952809
333_3-4,winter2,2010,0.0196156963715253
334_3-4,fallMig,2010,0.017467737630965
334_3-4,winter2,2010,0.0168361122407483
335_2-3,winter2,2010,0.0144488743667376
343_1-2,fallMig,2010,0.000109102630861167
343_1-2,springMig,2010,0.000520392896636961
343_1-2,winter1,2010,0
346_1-2,springMig,2010,0.000337524259556156
346_1-2,winter1,2010,0.00328602821876733
347_1-2,fallMig,2010,0
347_1-2,springMig,2010,0
347_1-2,winter1,2010,2.453596358863e-05
348_1-2,fallMig,2010,0.000238349477537945
348_1-2,springMig,2010,0.000115156958935028
348_1-2,winter1,2010,0.00355183886341156
349_1-2,fallMig,2010,0
349_1-2,springMig,2010,0
349_1-2,winter1,2010,0
350_1-2,fallMig,2010,0.000226321149711441
350_1-2,springMig,2010,0
350_1-2,winter1,2010,0
351_1-2,fallMig,2010,2.63810478552208e-05
351_1-2,springMig,2010,0
351_1-2,winter1,2010,0
352_1-2,fallMig,2010,1.5371490496576e-05
352_1-2,springMig,2010,0
352_1-2,winter1,2010,2.02429149797571e-05
353_1-2,fallMig,2010,0
353_1-2,springMig,2010,0
353_1-2,winter1,2010,0
355_1-2,fallMig,2010,0.000810519383715797
355_1-2,springMig,2010,0.000598949116550053
355_1-2,winter1,2010,0.0021278375038329
356_1-2,fallMig,2010,0.000217642874584621
356_1-2,springMig,2010,0.0002002002002002
356_1-2,winter1,2010,0.00229442304471613
451_1-2,winter2,2010,0.0214232362327697
452_1-2,winter2,2010,0.0172288932263827
453_1-2,winter2,2010,0.0171948294846076
454_1-2,winter2,2010,0.0261131442512961
454_2-3,fallMig,2010,0.185926494176721
454_2-3,springMig,2010,0.0722765638558019
454_2-3,winter1,2010,0.0256659915874747
455_1-2,winter2,2010,0.00900697678165735
456_1-2,winter2,2010,0.0951971421010849
457_1-2,winter2,2010,0.00891707317073171
460_2-3,fallMig,2010,0.133985074965409
460_2-3,springMig,2010,0.03620126334132
460_2-3,winter1,2010,0.040892944811852
465_1-2,fallMig,2010,0.00562699086441483
465_1-2,springMig,2010,0.00963381157093282
465_1-2,winter1,2010,0.0209495521418295
466_1-2,fallMig,2010,0.0141833471514864
466_1-2,springMig,2010,0.0167688844033848
466_1-2,winter1,2010,0.0110381777889983
468_1-2,fallMig,2010,0.00807955251709136
468_1-2,springMig,2010,0.0250655757885666
468_1-2,winter1,2010,0.0623614457831325
470_3-4,winter2,2010,0.069331864326749
470_4-5,fallMig,2010,0.125492881749886
470_4-5,springMig,2010,0.138350749481429
470_4-5,winter1,2010,0.0704270923209664
531_1-2,winter2,2010,0.000995181227739367
532_1-2,winter2,2010,0.000122680988536143
533_1-2,winter2,2010,3.10694090598397e-05
534_1-2,winter2,2010,0.000169638881231578
535_1-2,winter2,2010,0.000130403599139336
539_1-2,winter2,2010,0
540_1-2,winter2,2010,0
542_1-2,winter2,2010,0.000118759556433057
544_1-2,winter2,2010,0.000122674926778403
547_1-2,winter2,2010,9.84891760395533e-06
548_1-2,winter2,2010,3.86922035209905e-05
549_1-2,winter2,2010,2.16113416320885e-05
550_1-2,winter2,2010,0.000164511565163031
553_1-2,winter2,2010,5.4465736512922e-05
555_1-2,winter2,2010,0
556_1-2,fallMig,2010,3.01586344170336e-05
556_1-2,winter2,2010,2.86730129602019e-05
558_1-2,winter2,2010,0
560_1-2,winter2,2010,0.000141008366496412
561_1-2,winter2,2010,0.000104035267955837
562_1-2,winter2,2010,0.000106373548444287
564_1-2,winter2,2010,0.000441956393635828
565_1-2,winter2,2010,8.0638658172728e-05
653_1-2,winter2,2010,0.000985545335085414
675_1-2,fallMig,2010,0
675_1-2,springMig,2010,0.000215684582866017
675_1-2,winter1,2010,0.000179083094555874
676_1-2,fallMig,2010,0.000201193749580846
676_1-2,springMig,2010,0.000172637030643073
676_1-2,winter1,2010,0.000143523501973448
677_1-2,fallMig,2010,0.000205888408482602
677_1-2,springMig,2010,0
677_1-2,winter1,2010,0.000167719572874154
678_1-2,fallMig,2010,0
678_1-2,springMig,2010,0
678_1-2,winter1,2010,0.00012658761973079
679_1-2,fallMig,2010,0.000228258388495777
679_1-2,springMig,2010,0
679_1-2,winter1,2010,0
680_1-2,fallMig,2010,0.000189771325552709
680_1-2,springMig,2010,5.34273654966074e-05
680_1-2,winter1,2010,0.000177825197830533
681_1-2,fallMig,2010,0
681_1-2,springMig,2010,0
681_1-2,winter1,2010,0.000156030581994071
682_1-2,fallMig,2010,0.00313357681585374
682_1-2,springMig,2010,0
682_1-2,winter1,2010,6.46872372080988e-05
683_1-2,fallMig,2010,0
683_1-2,springMig,2010,0
683_1-2,winter1,2010,0.000181208661774033
685_1-2,fallMig,2010,7.75975789555366e-05
685_1-2,springMig,2010,0
685_1-2,winter1,2010,6.80596202273191e-05
686_1-2,fallMig,2010,0
686_1-2,springMig,2010,0
686_1-2,winter1,2010,6.86695278969957e-05
687_1-2,fallMig,2010,0
687_1-2,springMig,2010,0
687_1-2,winter1,2010,0
688_1-2,fallMig,2010,6.07976653696498e-05
688_1-2,springMig,2010,0
688_1-2,winter1,2010,8.56384345294168e-05
689_1-2,fallMig,2010,0
689_1-2,springMig,2010,0
689_1-2,winter1,2010,6.76086809546346e-05
691_1-2,fallMig,2010,0
691_1-2,springMig,2010,0
691_1-2,winter1,2010,4.85625485625486e-05
692_1-2,fallMig,2010,8.01988932552731e-05
692_1-2,springMig,2010,0
692_1-2,winter1,2010,5.50903481710004e-05
870_2-3,fallMig,2010,0.186218565456838
870_2-3,springMig,2010,0.067886304533634
870_2-3,winter1,2010,0.0316068178057256
876_2-3,fallMig,2010,0.155052454797269
876_2-3,springMig,2010,0.0471528471528472
876_2-3,winter1,2010,0.0410058250187439
1463_1-2,fallMig,2011,0.000185839063371121
1463_1-2,springMig,2011,0.000410753527345916
1463_1-2,winter1,2011,0
1468_1-2,fallMig,2011,4.18200066912011e-05
1468_1-2,springMig,2011,0
1468_1-2,winter1,2011,5.52455665432849e-05
1472_1-2,fallMig,2011,4.87757291971515e-05
1472_1-2,springMig,2011,3.5515904021821e-05
1472_1-2,winter1,2011,0
1474_1-2,fallMig,2011,0
1474_1-2,springMig,2011,0
1474_1-2,winter1,2011,7.38848662683921e-05
1476_1-2,springMig,2011,0.00039360217554657
1476_1-2,winter1,2011,0.000310269934843314
1482_1-2,springMig,2011,0.000553359683794466
1482_1-2,winter1,2011,5.65946970768839e-05
343_1-2,winter2,2011,0.00264018259206712
346_1-2,fallMig,2011,0.00210811074283486
346_1-2,winter2,2011,0
347_1-2,winter2,2011,0.000592941343056391
348_1-2,winter2,2011,0.0224486546728228
348_2-3,fallMig,2011,1.67266036631262e-05
348_2-3,springMig,2011,0.000632046212867285
348_2-3,winter1,2011,0.0227790432801822
349_1-2,winter2,2011,0
350_1-2,winter2,2011,0.0184667653022083
351_1-2,winter2,2011,8.87724982800329e-05
352_1-2,winter2,2011,0
353_1-2,winter2,2011,4.31946784156192e-05
355_1-2,winter2,2011,0.0016524026527361
356_1-2,winter2,2011,0.00186509170034193
454_2-3,winter2,2011,0.0467962312693391
454_3-4,fallMig,2011,0.101781981085117
454_3-4,springMig,2011,0.164264059889872
454_3-4,winter1,2011,0.0467024985473562
460_2-3,winter2,2011,0.0270970979342644
465_1-2,winter2,2011,0.0266298229454508
466_1-2,winter2,2011,0.0392948591688005
468_1-2,winter2,2011,0.0589438815276695
468_2-3,fallMig,2011,0.00683263840277567
468_2-3,springMig,2011,0.015777474812045
468_2-3,winter1,2011,0.0503326330532213
470_4-5,winter2,2011,0.019236424230543
470_5-6,fallMig,2011,0.111831423394593
470_5-6,springMig,2011,0.166925465838509
470_5-6,winter1,2011,0.0187269681742044
478_1-2,fallMig,2011,0.00652385882731376
478_1-2,springMig,2011,0.0186573879656848
478_1-2,winter1,2011,0.0105032348880648
479_1-2,fallMig,2011,0.134837496642493
479_1-2,springMig,2011,0.167880238301339
479_1-2,winter1,2011,0.0316141926441197
675_1-2,winter2,2011,0
676_1-2,winter2,2011,0
677_1-2,winter2,2011,0
678_1-2,winter2,2011,0
679_1-2,winter2,2011,0.000587084148727984
680_1-2,winter2,2011,0
681_1-2,winter2,2011,0.00100300902708124
682_1-2,winter2,2011,0
683_1-2,winter2,2011,0.000371581450653983
685_1-2,winter2,2011,0
686_1-2,winter2,2011,0
687_1-2,winter2,2011,0
688_1-2,winter2,2011,0
689_1-2,winter2,2011,0
691_1-2,winter2,2011,4.20185722089163e-05
692_1-2,winter2,2011,0.000161812297734628
870_2-3,winter2,2011,0.0454768755702155
870_3-4,fallMig,2011,0.127317458922766
870_3-4,springMig,2011,0.165297152684884
870_3-4,winter1,2011,0.0481505330185305
876_2-3,winter2,2011,0.0284608097532847
878_2-3,fallMig,2011,0.118130879555853
878_2-3,springMig,2011,0.16722658672731
878_2-3,winter1,2011,0.0190814362514104
886_2-3,fallMig,2011,0.00701436947045623
886_2-3,springMig,2011,0.0152274758993936
886_2-3,winter1,2011,0.0496720594665501
921_1-2,fallMig,2011,0.000472344558723738
921_1-2,springMig,2011,5.67983222649423e-05
921_1-2,winter1,2011,1.74953637286119e-05
922_1-2,fallMig,2011,0.000199479756794281
922_1-2,springMig,2011,0.0012285363275335
922_1-2,winter1,2011,0.00101101298799011
923_1-2,springMig,2011,0
923_1-2,winter1,2011,0.00342646283605693
924_1-2,fallMig,2011,0.000267551369863014
924_1-2,springMig,2011,0.00027632515180613
924_1-2,winter1,2011,0.00152676732826584
925_1-2,fallMig,2011,0.000446495014139009
925_1-2,springMig,2011,0.000279745756647215
925_1-2,winter1,2011,0.00118746041798607
926_1-2,springMig,2011,0
926_1-2,winter1,2011,0.00129977454527949
927_1-2,fallMig,2011,0.000833055648117294
927_1-2,springMig,2011,0
927_1-2,winter1,2011,0.00190055998642457
927_1-2,winter2,2011,0.0031806216780005
928_1-2,fallMig,2011,0.000295601450417783
928_1-2,springMig,2011,0.0022489348096309
928_1-2,winter1,2011,0.0019935793641137
930_1-2,fallMig,2011,0.00120332339838003
930_1-2,springMig,2011,0.000192377984263481
930_1-2,winter1,2011,0.00126952034465126
931_1-2,fallMig,2011,0.00124321771729807
931_1-2,springMig,2011,0.00223214285714286
931_1-2,winter1,2011,0.00721682359062149
932_1-2,fallMig,2011,9.91571641051066e-05
932_1-2,springMig,2011,0.000218468448786626
932_1-2,winter1,2011,0.0110938956744539
933_1-2,fallMig,2011,0.00132768767044639
933_1-2,springMig,2011,0.00184891040348268
933_1-2,winter1,2011,0.00514095967504924
936_1-2,fallMig,2011,0
936_1-2,springMig,2011,0.000812563381543295
936_1-2,winter1,2011,0.00696627438590949
937_1-2,fallMig,2011,0.000552569329815701
937_1-2,springMig,2011,0.0013941920533792
937_1-2,winter1,2011,0.00642820410262271
140_1-2,fallMig,2012,0.003389772910702
140_1-2,springMig,2012,0
140_1-2,winter1,2012,0.0110079308386908
1463_1-2,winter2,2012,0.000301922238250193
1463_2-3,fallMig,2012,0.00013425421782001
1463_2-3,springMig,2012,0.000758047486260389
1463_2-3,winter1,2012,0
1467_1-2,fallMig,2012,0.00402727240611863
1467_1-2,springMig,2012,0.00447653429602888
1467_1-2,winter1,2012,0.0059529586851726
1468_1-2,winter2,2012,1.41470729706024e-05
1468_2-3,fallMig,2012,0.000101886600213962
1468_2-3,springMig,2012,2.25083280813901e-05
1468_2-3,winter1,2012,9.34334940389431e-06
1472_1-2,winter2,2012,7.94445238889683e-06
1472_2-3,fallMig,2012,0.000103719069491777
1472_2-3,springMig,2012,1.27591706539075e-05
1472_2-3,winter1,2012,7.80707164549649e-06
1474_1-2,winter2,2012,8.2185476182649e-06
1474_2-3,fallMig,2012,0
1474_2-3,springMig,2012,0
1474_2-3,winter1,2012,1.00901046343851e-05
1476_1-2,fallMig,2012,0.000600270402181169
1476_1-2,winter2,2012,6.42698304561873e-05
1476_2-3,fallMig,2012,0.000334780061456054
1476_2-3,springMig,2012,9.88121369536218e-05
1476_2-3,winter1,2012,9.7587157530069e-05
1482_1-2,fallMig,2012,0.000441996147654629
1482_1-2,winter2,2012,0
1537_1-2,fallMig,2012,0.00109251807206978
1537_1-2,springMig,2012,3.32601609791791e-05
1537_1-2,winter1,2012,0.000185165590942757
1549_1-2,fallMig,2012,0.000675022348712897
1549_1-2,springMig,2012,0.000284719734751421
1549_1-2,winter1,2012,0
348_2-3,winter2,2012,1.90620214638362e-05
348_3-4,fallMig,2012,3.18498386274843e-05
348_3-4,springMig,2012,0
348_3-4,winter1,2012,2.29839265740159e-05
388_1-2,fallMig,2012,0
388_1-2,springMig,2012,0.000126606317655251
388_1-2,winter1,2012,0
389_1-2,fallMig,2012,0.000115620302925194
389_1-2,springMig,2012,0.0001850994909764
389_1-2,winter1,2012,0
454_3-4,winter2,2012,0.0845385495786078
468_2-3,winter2,2012,0.0580283127152149
468_3-4,fallMig,2012,0.00990508371729166
468_3-4,springMig,2012,0.0170108923148173
468_3-4,winter1,2012,0.0493161493950552
470_5-6,winter2,2012,0.030858936981386
478_1-2,winter2,2012,0.0200085212375459
478_2-3,fallMig,2012,0.00497108093393197
478_2-3,springMig,2012,0.0107505454980223
478_2-3,winter1,2012,0.0263207521754358
479_1-2,winter2,2012,0.0345763886882926
573_1-2,fallMig,2012,0.000717660806828574
573_1-2,springMig,2012,0
573_1-2,winter1,2012,0.000244964616222101
575_1-2,fallMig,2012,0
575_1-2,springMig,2012,7.00721743395698e-05
575_1-2,winter1,2012,0.000205570973378559
578_1-2,fallMig,2012,1.12078724095805e-05
578_1-2,springMig,2012,0
578_1-2,winter1,2012,0.000195479284340052
581_1-2,fallMig,2012,0
581_1-2,springMig,2012,0
581_1-2,winter1,2012,2.23728661878873e-05
582_1-2,fallMig,2012,0.000999762556392857
582_1-2,springMig,2012,0.000128238009746089
582_1-2,winter1,2012,3.8875714341251e-05
583_1-2,fallMig,2012,2.33950963877971e-05
583_1-2,springMig,2012,0
583_1-2,winter1,2012,0.000225082088761784
586_1-2,springMig,2012,1.83513176246054e-05
586_1-2,winter1,2012,4.32750562575731e-05
588_1-2,fallMig,2012,5.70526596048152e-05
588_1-2,springMig,2012,1.57250011793751e-05
588_1-2,winter1,2012,0.000101421164061411
591_1-2,fallMig,2012,1.56374611018155e-05
591_1-2,springMig,2012,0
591_1-2,winter1,2012,4.6188665301535e-05
592_1-2,fallMig,2012,9.31593117390049e-06
592_1-2,springMig,2012,3.60029522420839e-05
592_1-2,winter1,2012,3.80112513303938e-05
593_1-2,fallMig,2012,0.000107259310108117
593_1-2,springMig,2012,0.000372118985045468
593_1-2,winter1,2012,6.09099953302337e-05
594_1-2,fallMig,2012,9.96791577111173e-05
594_1-2,springMig,2012,0.000236304749725469
594_1-2,winter1,2012,5.96884264141183e-05
596_1-2,fallMig,2012,1.76515236206805e-05
596_1-2,springMig,2012,0
596_1-2,winter1,2012,2.65005962634159e-05
597_1-2,fallMig,2012,1.25308572359435e-05
597_1-2,springMig,2012,0
597_1-2,winter1,2012,4.11141946757118e-05
598_1-2,fallMig,2012,0
598_1-2,springMig,2012,4.42327823894549e-05
598_1-2,winter1,2012,0
599_1-2,fallMig,2012,0.000292087503266768
599_1-2,springMig,2012,0.000240286081782075
599_1-2,winter1,2012,0.000128122998078155
602_1-2,fallMig,2012,0
602_1-2,springMig,2012,6.2612180156113e-05
602_1-2,winter1,2012,8.23329875347857e-05
604_1-2,fallMig,2012,0.000164112969400391
604_1-2,springMig,2012,0.000273972602739726
604_1-2,winter1,2012,0.000144840072420036
605_1-2,fallMig,2012,0
605_1-2,springMig,2012,7.02617249253469e-05
605_1-2,winter1,2012,4.46528242911364e-05
606_1-2,fallMig,2012,4.6347793845013e-05
606_1-2,springMig,2012,0.000556756402698631
606_1-2,winter1,2012,3.358597449705e-05
607_1-2,fallMig,2012,5.3675424706798e-05
607_1-2,springMig,2012,0.000301315745421675
607_1-2,winter1,2012,4.61744470609964e-05
697_1-2,fallMig,2012,0.00444881034466473
697_1-2,springMig,2012,0.00594349507181337
697_1-2,winter1,2012,0.0115311154821973
698_1-2,fallMig,2012,0.00389997544979483
698_1-2,springMig,2012,0
698_1-2,winter1,2012,0.0108678722851951
844_1-2,fallMig,2012,0.000214886688596129
844_1-2,springMig,2012,0
844_1-2,winter1,2012,6.93144797948292e-05
845_1-2,fallMig,2012,0.000284721654293391
845_1-2,springMig,2012,0.000162704142854237
845_1-2,winter1,2012,4.675600960836e-05
847_1-2,fallMig,2012,0.00474788510775945
847_1-2,springMig,2012,0.0164512338425382
847_1-2,winter1,2012,0.015280530816978
870_3-4,winter2,2012,0.0848632155970419
878_2-3,winter2,2012,0.0351099699941226
886_2-3,winter2,2012,0.0604593248478141
886_3-4,fallMig,2012,0.0099053783527326
886_3-4,springMig,2012,0.0176490145735976
886_3-4,winter1,2012,0.0566265060240964
888_2-3,fallMig,2012,0.00498937519945825
888_2-3,springMig,2012,0.0107367718800817
888_2-3,winter1,2012,0.0243882388403255
921_1-2,winter2,2012,0.00183534485953435
922_1-2,winter2,2012,0.00135405947029194
923_1-2,fallMig,2012,0.00111084662381973
923_1-2,winter2,2012,0.00345473465140479
924_1-2,winter2,2012,0.00169219241223134
925_1-2,winter2,2012,0.000980772965624393
926_1-2,fallMig,2012,0.00123548057156167
926_1-2,winter2,2012,0.00108487675549942
928_1-2,winter2,2012,0.000546129074782019
930_1-2,winter2,2012,0.00125452332254084
931_1-2,winter2,2012,0.00580221997981837
932_1-2,winter2,2012,0.00165357585779248
933_1-2,winter2,2012,0.00183308020045848
936_1-2,winter2,2012,0.00472933200722593
937_1-2,winter2,2012,0.00310301107000126
140_1-2,winter2,2013,0.0126191868083133
1463_2-3,winter2,2013,0
1463_3-4,fallMig,2013,0.000721857072299685
1463_3-4,springMig,2013,0
1463_3-4,winter1,2013,7.73730308563647e-05
1467_1-2,winter2,2013,0.00897337931889056
1467_2-3,fallMig,2013,0.000588062334607468
1467_2-3,springMig,2013,0.00119572836350142
1467_2-3,winter1,2013,0.0100671140939597
1468_2-3,winter2,2013,1.48517792431533e-05
1468_3-4,springMig,2013,0
1468_3-4,winter1,2013,1.64542694715711e-05
1472_2-3,winter2,2013,1.91918319563194e-05
1472_3-4,springMig,2013,2.01580390259636e-05
1472_3-4,winter1,2013,2.98766096023423e-05
1474_2-3,winter2,2013,2.22818054204205e-05
1474_3-4,springMig,2013,0
1474_3-4,winter1,2013,3.03232458002305e-05
1476_2-3,winter2,2013,1.34992845379195e-05
1476_3-4,fallMig,2013,0.000503256187355089
1476_3-4,springMig,2013,0.000564407078605444
1476_3-4,winter1,2013,1.61203220840352e-05
1537_1-2,winter2,2013,0.000274112560585106
1537_2-3,fallMig,2013,0.00109051254089422
1537_2-3,springMig,2013,0
1537_2-3,winter1,2013,0.000352448480325082
1539_2-3,fallMig,2013,0.000216138328530259
1539_2-3,springMig,2013,2.0501886173528e-05
1539_2-3,winter1,2013,9.46055892982157e-06
1549_1-2,winter2,2013,0.000240615976900866
1549_2-3,fallMig,2013,0.000252052426904796
1549_2-3,springMig,2013,0.000395726157499011
1549_2-3,winter1,2013,0.000237794728273793
348_3-4,winter2,2013,0
388_1-2,winter2,2013,0
389_1-2,winter2,2013,0
397_1-2,fallMig,2013,0.000108506944444444
397_1-2,springMig,2013,2.79626419104077e-05
397_1-2,winter1,2013,0
402_1-2,fallMig,2013,0
402_1-2,springMig,2013,8.50484776322504e-05
402_1-2,winter1,2013,0
468_3-4,winter2,2013,0.0800484013589612
468_4-5,fallMig,2013,0.0253955649667667
468_4-5,springMig,2013,0.0243288444956279
468_4-5,winter1,2013,0.0843713882111211
478_2-3,winter2,2013,0.0237884291662975
573_1-2,winter2,2013,0.000270945970910255
575_1-2,winter2,2013,0.000115078109266665
578_1-2,winter2,2013,0.000224194682509758
581_1-2,winter2,2013,7.24217844727694e-05
582_1-2,winter2,2013,5.79562314540059e-05
583_1-2,winter2,2013,0.000764701384109505
586_1-2,fallMig,2013,0.000184128153194623
586_1-2,winter2,2013,0.000105056730634543
588_1-2,winter2,2013,7.80170300031207e-05
591_1-2,winter2,2013,5.73986913098381e-05
592_1-2,winter2,2013,0.000178744321143964
593_1-2,winter2,2013,0.000116772410571796
594_1-2,winter2,2013,0
596_1-2,winter2,2013,0.000368890255149093
597_1-2,winter2,2013,0.000142489669498961
598_1-2,winter2,2013,0.000524163958486215
599_1-2,winter2,2013,8.32847505621721e-05
602_1-2,winter2,2013,0.000119161105815062
604_1-2,winter2,2013,4.70322641331954e-05
605_1-2,winter2,2013,0.000938105297257898
606_1-2,winter2,2013,7.05137810370814e-05
607_1-2,winter2,2013,4.1003352024028e-05
657_1-2,fallMig,2013,0.00206355757325629
657_1-2,springMig,2013,0.0324546546807371
657_1-2,winter1,2013,0.00713343229424377
697_1-2,winter2,2013,0.0151138747154992
698_1-2,winter2,2013,0.0153205343036338
844_1-2,winter2,2013,5.06373555147456e-05
845_1-2,winter2,2013,4.20577226066729e-05
847_1-2,winter2,2013,0.0103793068037896
848_1-2,fallMig,2013,0.000335818606288203
848_1-2,springMig,2013,0.000195029324051938
848_1-2,winter1,2013,0.000889442918989943
849_1-2,fallMig,2013,0.000311178861982629
849_1-2,springMig,2013,0.000179546989135105
849_1-2,winter1,2013,3.30852938876423e-05
851_1-2,springMig,2013,0
851_1-2,winter1,2013,0.00106554693289065
886_3-4,winter2,2013,0.0895009919121013
888_2-3,winter2,2013,0.0247098946826537
1165_1-2,fallMig,2014,0.000271483385216825
1165_1-2,springMig,2014,0.000199142360235254
1165_1-2,winter1,2014,0.000843819484223039
1166_1-2,fallMig,2014,0.00024440316746505
1166_1-2,springMig,2014,7.04659561349423e-05
1166_1-2,winter1,2014,0.00069330692164108
1167_1-2,fallMig,2014,0.00238622156995209
1167_1-2,springMig,2014,0.000113819056155477
1167_1-2,winter1,2014,0.00105415002219263
1170_1-2,fallMig,2014,0.000195091497912521
1170_1-2,springMig,2014,6.93866222592284e-05
1170_1-2,winter1,2014,0.000228724783092664
1173_1-2,fallMig,2014,0.000157778479015462
1173_1-2,springMig,2014,0.000551728486529943
1173_1-2,winter1,2014,0.000716222438225815
1174_1-2,fallMig,2014,0.0035325287017957
1174_1-2,springMig,2014,0.00035935213942863
1174_1-2,winter1,2014,0.018949663210263
1176_1-2,fallMig,2014,0.00158125266836388
1176_1-2,springMig,2014,0.000517804508882339
1176_1-2,winter1,2014,0.00146800702090314
1178_1-2,fallMig,2014,2.93366972746208e-05
1178_1-2,springMig,2014,0
1178_1-2,winter1,2014,0
118_1-2,fallMig,2014,0
118_1-2,springMig,2014,2.01207243460765e-05
118_1-2,winter1,2014,0.000175691345444323
1181_1-2,fallMig,2014,0.00363378114458188
1181_1-2,springMig,2014,0.0146124826894609
1181_1-2,winter1,2014,0.00719654565808412
119_1-2,fallMig,2014,0.000374374093312743
119_1-2,springMig,2014,0
119_1-2,winter1,2014,0.000161218814235621
1233_1-2,fallMig,2014,0.00327584806562525
1233_1-2,springMig,2014,0
1233_1-2,winter1,2014,0.00437882242246589
1234_1-2,fallMig,2014,0
1234_1-2,springMig,2014,0.00302547770700637
1234_1-2,winter1,2014,0.00412644036125818
1234_1-2,winter2,2014,0.00316617838327837
1235_1-2,fallMig,2014,0.000172622130157086
1235_1-2,springMig,2014,0
1235_1-2,winter1,2014,0.000590592701961612
1236_1-2,fallMig,2014,0.00694444444444444
1236_1-2,springMig,2014,0.00325528269560251
1236_1-2,winter1,2014,0.00269541778975741
1239_1-2,fallMig,2014,8.0051232788985e-05
1239_1-2,springMig,2014,0
1239_1-2,winter1,2014,0.000852189244784014
1240_1-2,fallMig,2014,0.00109698185649745
1240_1-2,springMig,2014,0.00347875677216995
1240_1-2,winter1,2014,0.00487745888423089
1245_1-2,fallMig,2014,0.00142871721604245
1245_1-2,springMig,2014,0.00095040095040095
1245_1-2,winter1,2014,0.00662659885960857
1246_1-2,fallMig,2014,0.00481266308896657
1246_1-2,springMig,2014,0.00201700314803295
1246_1-2,winter1,2014,0.00687406602363809
1248_1-2,fallMig,2014,9.55627050616379e-05
1248_1-2,winter1,2014,0.000935188596366934
1249_1-2,fallMig,2014,0
1249_1-2,springMig,2014,0.00088809946714032
1249_1-2,winter1,2014,0.00206674366299921
1250_1-2,fallMig,2014,0.0039602715614785
1250_1-2,springMig,2014,0.00387780194835903
1250_1-2,winter1,2014,0.00673064938302381
1252_1-2,fallMig,2014,0.000453874957449223
1252_1-2,springMig,2014,0.00665342601787488
1252_1-2,winter1,2014,0.00337238196663117
1253_1-2,fallMig,2014,0
1253_1-2,springMig,2014,5.01202886928629e-05
1253_1-2,winter1,2014,0.000623158113388812
134_1-2,fallMig,2014,0
134_1-2,springMig,2014,0
134_1-2,winter1,2014,0.0122842936531149
134_1-2,winter2,2014,0
135_1-2,fallMig,2014,8.8948187680676e-05
135_1-2,springMig,2014,0
135_1-2,winter1,2014,0
135_1-2,winter2,2014,0.00460829493087558
1463_3-4,winter2,2014,0.000165901308629522
1463_4-5,fallMig,2014,0.00108675964499185
1463_4-5,springMig,2014,0.000409392636781004
1463_4-5,winter1,2014,0.000168782475556681
1467_2-3,winter2,2014,0.0133050520632472
1467_3-4,fallMig,2014,0.00272590186753277
1467_3-4,springMig,2014,0.0142153691323413
1467_3-4,winter1,2014,0.0149088239260402
1468_3-4,fallMig,2014,0
1468_3-4,winter2,2014,0.000157351910395239
1472_3-4,fallMig,2014,4.69219219219219e-05
1472_3-4,winter2,2014,6.18283891231498e-05
1472_4-5,fallMig,2014,0.000208779163839449
1472_4-5,springMig,2014,0
1472_4-5,winter1,2014,6.41821060288392e-05
1474_3-4,fallMig,2014,0
1474_3-4,winter2,2014,4.8882545020824e-05
1474_4-5,fallMig,2014,0
1474_4-5,springMig,2014,0
1474_4-5,winter1,2014,4.87253449754424e-05
1476_3-4,winter2,2014,0.00010459035444509
1476_4-5,fallMig,2014,0.000546344952269318
1476_4-5,springMig,2014,0.000333384928619905
1476_4-5,winter1,2014,0.000112418053155989
1530_3-4,fallMig,2014,0.000271526999966059
1530_3-4,springMig,2014,0.000138180924890991
1530_3-4,winter1,2014,0.00011847138069932
1537_2-3,winter2,2014,0.000198304496554459
1537_3-4,fallMig,2014,0.00055754309343493
1537_3-4,springMig,2014,0.000161111670526634
1537_3-4,winter1,2014,0.0002077767883645
1539_2-3,winter2,2014,0.000175398593303282
1539_3-4,fallMig,2014,0
1539_3-4,springMig,2014,6.00788234163222e-05
1539_3-4,winter1,2014,0.000215718082352535
1549_2-3,winter2,2014,0.000177806956355231
1549_3-4,fallMig,2014,0
1549_3-4,springMig,2014,0.000343808656544444
1549_3-4,winter1,2014,0.000121048888619891
1560_1-2,fallMig,2014,0.000181257930034439
1560_1-2,springMig,2014,0.00151053779941017
1560_1-2,winter1,2014,0.00813831976946705
1563_1-2,fallMig,2014,0
1563_1-2,springMig,2014,0
1563_1-2,winter1,2014,0.0133282234712996
1565_1-2,fallMig,2014,7.26589834449301e-05
1565_1-2,springMig,2014,6.50829808005207e-05
1565_1-2,winter1,2014,0.000578663112856842
1566_1-2,fallMig,2014,0.000193549947983451
1566_1-2,springMig,2014,0.000145070504265073
1566_1-2,winter1,2014,0.000420782847361022
1568_1-2,fallMig,2014,0
1568_1-2,springMig,2014,0.00177637229640041
1568_1-2,winter1,2014,0.00225654801880457
172_1-2,fallMig,2014,0
172_1-2,springMig,2014,9.93936984395189e-05
172_1-2,winter1,2014,0
173_1-2,fallMig,2014,0.000151497935840624
173_1-2,springMig,2014,0
173_1-2,winter1,2014,0
174_1-2,fallMig,2014,0
174_1-2,springMig,2014,0.000825900231252065
174_1-2,winter1,2014,0
184_1-2,fallMig,2014,0.0066747868453106
184_1-2,springMig,2014,0.0277748046665953
184_1-2,winter1,2014,0
186_1-2,fallMig,2014,0.000645458736745044
186_1-2,springMig,2014,0.015997277059224
186_1-2,winter1,2014,0
187_1-2,fallMig,2014,0.0278296988577362
187_1-2,springMig,2014,0.0510204081632653
187_1-2,winter1,2014,0
188_1-2,fallMig,2014,0.00905313557689662
188_1-2,springMig,2014,0.0163884673748103
188_1-2,winter1,2014,0.00274725274725275
223_1-2,fallMig,2014,0
223_1-2,springMig,2014,3.41209587989423e-05
223_1-2,winter1,2014,0
224_1-2,fallMig,2014,0
224_1-2,springMig,2014,0.000124177325220415
224_1-2,winter1,2014,0
265_1-2,fallMig,2014,0
265_1-2,springMig,2014,0.0009424515520999
265_1-2,winter1,2014,0
266_1-2,fallMig,2014,0.00093125634947511
266_1-2,springMig,2014,0.0048055263553086
266_1-2,winter1,2014,0
278_1-2,fallMig,2014,0
278_1-2,springMig,2014,0
278_1-2,winter1,2014,0
279_1-2,fallMig,2014,0.000282178417382191
279_1-2,springMig,2014,0.000249252243270189
279_1-2,winter1,2014,0.000106074535039955
280_1-2,fallMig,2014,0
280_1-2,springMig,2014,0.00021079258010118
280_1-2,winter1,2014,0
397_1-2,winter2,2014,0
402_1-2,winter2,2014,0
468_4-5,winter2,2014,0.068156055167202
637_1-2,fallMig,2014,0
637_1-2,springMig,2014,0
637_1-2,winter1,2014,0.000193166727031269
638_1-2,fallMig,2014,0
638_1-2,springMig,2014,0
638_1-2,winter1,2014,0
639_1-2,fallMig,2014,6.48326237762842e-05
639_1-2,springMig,2014,0.000129302542087977
639_1-2,winter1,2014,0
657_1-2,winter2,2014,0.000353575532573146
657_2-3,fallMig,2014,0
657_2-3,springMig,2014,3.28450371148919e-05
657_2-3,winter1,2014,0
658_1-2,fallMig,2014,0.00446234218545929
658_1-2,springMig,2014,0
658_1-2,winter1,2014,0
701_2-3,fallMig,2014,0.0108171424814883
701_2-3,springMig,2014,0.00795132494050172
701_2-3,winter1,2014,0.0161716129525947
702_2-3,fallMig,2014,0.0048748781280468
702_2-3,springMig,2014,0.00788034896573504
702_2-3,winter1,2014,0.0207579458908673
707_2-3,fallMig,2014,0.00598149531359179
707_2-3,springMig,2014,0.00892973658209206
707_2-3,winter1,2014,0.0212394964960643
848_1-2,winter2,2014,0.000840434439956655
849_1-2,winter2,2014,0.000629942423262514
851_1-2,fallMig,2014,0
851_1-2,winter2,2014,0.000544967936949981
1165_1-2,winter2,2015,0.000863199300699301
1166_1-2,winter2,2015,0.000567113248153247
1166_2-3,fallMig,2015,0.000410894576191594
1166_2-3,springMig,2015,0.000448296473401076
1166_2-3,winter1,2015,0.000891024948698564
1167_1-2,winter2,2015,0.000717592592592593
1167_2-3,fallMig,2015,0.00208888868349177
1167_2-3,springMig,2015,0.000363559824725895
1167_2-3,winter1,2015,6.69321642515311e-05
1170_1-2,winter2,2015,0.000471705613296798
1173_1-2,winter2,2015,0.000438851395428829
1173_2-3,fallMig,2015,0.000215989385664476
1173_2-3,springMig,2015,0.00127164983850047
1173_2-3,winter1,2015,0.000617616431469712
1174_1-2,winter2,2015,0.0188330982322399
1176_1-2,winter2,2015,0.0043966987678649
1176_2-3,fallMig,2015,0.0028088953894226
1176_2-3,springMig,2015,0.000120329703387281
1176_2-3,winter1,2015,0.00142110819370381
1178_1-2,winter2,2015,0.000772538334859568
1178_2-3,fallMig,2015,0.000313645541332602
1178_2-3,springMig,2015,0
1178_2-3,winter1,2015,0.00149549228037081
118_1-2,winter2,2015,0.000974486180014174
1181_1-2,winter2,2015,0.00678724306814238
1181_2-3,fallMig,2015,0.0114329779387112
1181_2-3,springMig,2015,0.016341702903633
1181_2-3,winter1,2015,0.00511932545358729
119_1-2,winter2,2015,0
122_1-2,fallMig,2015,0.000263717716556198
122_1-2,springMig,2015,0
122_1-2,winter1,2015,0
123_1-2,fallMig,2015,0.000372778157459234
123_1-2,springMig,2015,2.36250236250236e-05
123_1-2,winter1,2015,0.0001242004595417
1233_1-2,winter2,2015,0.00270455446972702
1233_2-3,fallMig,2015,0
1233_2-3,springMig,2015,9.56022944550669e-05
1233_2-3,winter1,2015,0.00360474624922815
1235_1-2,winter2,2015,0.00031753044150537
1236_1-2,winter2,2015,0.00638692907538062
1239_1-2,winter2,2015,0.00110751783103708
1240_1-2,winter2,2015,0.0041993612239265
1240_2-3,fallMig,2015,0.00686617437491903
1240_2-3,springMig,2015,0
1240_2-3,winter1,2015,0.00273683681924323
1245_1-2,winter2,2015,0.00330658009438783
1246_1-2,winter2,2015,0.00563476897447205
1248_1-2,winter2,2015,0.00483097629254313
1248_2-3,fallMig,2015,0.00054421258069359
1248_2-3,springMig,2015,0.000489051555499464
1248_2-3,winter1,2015,0.000652842321029947
1249_1-2,winter2,2015,0.00301680359602989
1249_2-3,fallMig,2015,0.00699901768172888
1249_2-3,springMig,2015,0.00258998890004757
1249_2-3,winter1,2015,0.00354630377119133
1250_1-2,winter2,2015,0.00377516339869281
1252_1-2,winter2,2015,0.00299069626962459
1252_2-3,fallMig,2015,5.79105860551309e-05
1252_2-3,springMig,2015,0.00037691147964678
1252_2-3,winter1,2015,0.0010479367148462
1253_1-2,winter2,2015,0.00106183809763322
137_1-2,fallMig,2015,0
137_1-2,springMig,2015,0
137_1-2,winter1,2015,0
137_1-2,winter2,2015,0.00178995070532581
139_1-2,fallMig,2015,0
139_1-2,springMig,2015,4.42203944459185e-05
139_1-2,winter1,2015,0.000221545278316256
1463_4-5,winter2,2015,7.7007700770077e-05
1467_3-4,winter2,2015,0.00995003899909353
1472_4-5,winter2,2015,0.000109521827700261
1474_4-5,winter2,2015,2.03184579644969e-05
1476_4-5,winter2,2015,0.000107010527160609
1483_1-2,fallMig,2015,0
1483_1-2,springMig,2015,0
1483_1-2,winter1,2015,0.0106367823733321
1483_1-2,winter2,2015,0.0162788243364466
1485_1-2,fallMig,2015,0
1485_1-2,springMig,2015,0
1485_1-2,winter1,2015,0.0102107119650979
1487_1-2,fallMig,2015,0
1487_1-2,springMig,2015,0
1487_1-2,winter1,2015,0.0136649156962862
1487_1-2,winter2,2015,0.019448119009492
1492_1-2,fallMig,2015,0
1492_1-2,springMig,2015,0.000934773577066888
1492_1-2,winter1,2015,0.0141751645331598
1492_1-2,winter2,2015,0.0221726492259853
1493_1-2,fallMig,2015,9.94233446013124e-05
1493_1-2,springMig,2015,0.00338075785321876
1493_1-2,winter1,2015,0.0170549860205033
1493_1-2,winter2,2015,0.0228756589447212
1496_1-2,fallMig,2015,0.00435779816513761
1496_1-2,springMig,2015,0
1496_1-2,winter1,2015,0.0131662293005158
1496_1-2,winter2,2015,0.039034802112727
1497_1-2,fallMig,2015,0.0686026936026936
1497_1-2,springMig,2015,0
1497_1-2,winter1,2015,0.0177420953513728
1497_1-2,winter2,2015,0.0416585521307296
1498_1-2,fallMig,2015,0.000141864094197759
1498_1-2,springMig,2015,0.0022503029253938
1498_1-2,winter1,2015,0.000923446301597562
1498_1-2,winter2,2015,0.0224937224367496
1499_1-2,fallMig,2015,0.00327310814349306
1499_1-2,springMig,2015,0
1499_1-2,winter1,2015,0.0203383856186112
1501_1-2,fallMig,2015,0
1501_1-2,springMig,2015,0
1501_1-2,winter1,2015,0.011104617182934
1501_1-2,winter2,2015,0.0166328745985323
1502_1-2,fallMig,2015,0.0125087270188504
1502_1-2,springMig,2015,0.000752508361204013
1502_1-2,winter1,2015,0.0142295975629309
1503_1-2,fallMig,2015,0.00383092836163964
1503_1-2,springMig,2015,0
1503_1-2,winter1,2015,0.0108213198341954
1503_1-2,winter2,2015,0.015671916978349
1504_1-2,fallMig,2015,0.000412541254125413
1504_1-2,springMig,2015,0
1504_1-2,winter1,2015,0.00478495834271561
1510_1-2,fallMig,2015,0
1510_1-2,springMig,2015,0
1510_1-2,winter1,2015,0.00100252487746918
1512_1-2,fallMig,2015,0
1512_1-2,springMig,2015,0
1512_1-2,winter1,2015,0
1516_1-2,fallMig,2015,0
1516_1-2,springMig,2015,0
1516_1-2,winter1,2015,0.00012983078720734
1517_1-2,fallMig,2015,0
1517_1-2,springMig,2015,0
1517_1-2,winter1,2015,0
1520_1-2,fallMig,2015,5.11770726714432e-05
1520_1-2,springMig,2015,0
1520_1-2,winter1,2015,0
1530_3-4,winter2,2015,0.000488532685477376
1537_3-4,winter2,2015,0.000402378504046139
1539_3-4,winter2,2015,0
1539_4-5,fallMig,2015,0.000100323349873824
1539_4-5,springMig,2015,0.000107837639649743
1539_4-5,winter1,2015,0
1549_3-4,winter2,2015,0.000485436893203884
1560_1-2,winter2,2015,0.00471265503082979
1560_2-3,fallMig,2015,0.000136206379906835
1560_2-3,springMig,2015,0.000266457448225837
1560_2-3,winter1,2015,0.00256036554141884
1561_2-3,fallMig,2015,0.000759416767922236
1561_2-3,springMig,2015,0.000471895021507523
1561_2-3,winter1,2015,0.00251938569230305
1563_1-2,winter2,2015,0.0113095238095238
1563_2-3,fallMig,2015,0.0116101435991445
1563_2-3,springMig,2015,0.016304671228801
1563_2-3,winter1,2015,0.0129965220574776
1565_1-2,winter2,2015,0.000492500172807078
1565_2-3,springMig,2015,0.000156482278381973
1565_2-3,winter1,2015,0.000280288697358279
1566_1-2,winter2,2015,0.000386753686246072
1566_2-3,fallMig,2015,0.000118166395165306
1566_2-3,springMig,2015,0.000119169626045713
1566_2-3,winter1,2015,0.000260092728711976
1567_2-3,fallMig,2015,0.010779745593739
1567_2-3,springMig,2015,0.00521243865849628
1567_2-3,winter1,2015,0.0136510723035202
1568_1-2,winter2,2015,0.00286317058468957
1568_2-3,fallMig,2015,0.000215524982937606
1568_2-3,springMig,2015,0.000253301972136783
1568_2-3,winter1,2015,0.000156727529190502
1569_2-3,fallMig,2015,0.000961611844615737
1569_2-3,springMig,2015,0.000904345618683463
1569_2-3,winter1,2015,7.54694197911007e-05
172_1-2,winter2,2015,0
173_1-2,winter2,2015,0
174_1-2,winter2,2015,0
177_1-2,fallMig,2015,0
177_1-2,springMig,2015,0
177_1-2,winter1,2015,0
184_1-2,winter2,2015,0.0018348623853211
186_1-2,winter2,2015,0.0274566473988439
187_1-2,winter2,2015,0.0601736972704715
188_1-2,winter2,2015,0
190_1-2,fallMig,2015,0.0383206537052691
190_1-2,springMig,2015,0.0283385812187442
190_1-2,winter1,2015,0
210_1-2,fallMig,2015,0.00359316228861503
210_1-2,springMig,2015,0
210_1-2,winter1,2015,0.000205086136177194
223_1-2,winter2,2015,0
224_1-2,winter2,2015,0
227_1-2,springMig,2015,0
227_1-2,winter1,2015,0
265_1-2,winter2,2015,0.00392156862745098
266_1-2,winter2,2015,0
266_2-3,fallMig,2015,0.000405432799513481
266_2-3,springMig,2015,0.00113421550094518
266_2-3,winter1,2015,0
278_1-2,winter2,2015,0
279_1-2,winter2,2015,0
280_1-2,winter2,2015,0
283_1-2,fallMig,2015,0
283_1-2,springMig,2015,0.00013441763559379
283_1-2,winter1,2015,0.0028169014084507
284_1-2,fallMig,2015,0
284_1-2,springMig,2015,0
284_1-2,winter1,2015,6.77713395005252e-05
376_1-2,fallMig,2015,0.00352550808793032
376_1-2,springMig,2015,0.00439617274372899
376_1-2,winter1,2015,0.00292397660818713
637_1-2,winter2,2015,0
638_1-2,winter2,2015,0
639_1-2,winter2,2015,0
641_1-2,fallMig,2015,0.000254301941171484
641_1-2,springMig,2015,2.35188974340883e-05
641_1-2,winter1,2015,0
657_2-3,winter2,2015,0
658_1-2,winter2,2015,0
701_2-3,winter2,2015,0.0188112511136566
702_2-3,winter2,2015,0.022903046617955
707_2-3,winter2,2015,0.032172730021163
710_1-2,fallMig,2015,0.000118750742192139
710_1-2,springMig,2015,0.00220647149460709
710_1-2,winter1,2015,2.87877479344791e-05
711_1-2,fallMig,2015,0.00381144151594693
711_1-2,springMig,2015,0.00300194243333922
711_1-2,winter1,2015,0.000324433053239464
714_1-2,fallMig,2015,3.36624775583483e-05
714_1-2,springMig,2015,0
714_1-2,winter1,2015,0.0122699386503067
715_1-2,fallMig,2015,5.12058989195555e-05
715_1-2,springMig,2015,0
715_1-2,winter1,2015,0.00373013298734998
716_1-2,fallMig,2015,0.000268476968511487
716_1-2,springMig,2015,0.00056710775047259
716_1-2,winter1,2015,0.00170438512331396
717_1-2,fallMig,2015,0.000872269417475728
717_1-2,springMig,2015,0.000987090704381757
717_1-2,winter1,2015,0.00202861413623745
718_1-2,fallMig,2015,5.46687076317516e-05
718_1-2,springMig,2015,0.000548308240615933
718_1-2,winter1,2015,0.00172850887301221
719_1-2,fallMig,2015,0.000114858914966117
719_1-2,springMig,2015,0.00100052969218998
719_1-2,winter1,2015,0.00133502089221007
720_1-2,fallMig,2015,0.00118439386901997
720_1-2,springMig,2015,0.000782834572821407
720_1-2,winter1,2015,0.00087576629550857
721_1-2,fallMig,2015,0.00155219247186651
721_1-2,springMig,2015,0.00270571383097247
721_1-2,winter1,2015,0.0017544894288326
722_1-2,fallMig,2015,0.000342882079735669
722_1-2,springMig,2015,0.00243883654660745
722_1-2,winter1,2015,0.00588995833931906
723_1-2,fallMig,2015,0.00101332413436247
723_1-2,springMig,2015,0
723_1-2,winter1,2015,0.000931664438773443
724_1-2,fallMig,2015,0.000344566191165323
724_1-2,springMig,2015,0.000415704387990762
724_1-2,winter1,2015,0.00327920875866081
724_1-2,winter2,2015,0.00190444841531082
726_1-2,fallMig,2015,0.000103430443027064
726_1-2,springMig,2015,0
726_1-2,winter1,2015,0.000629623799779632
1166_2-3,winter2,2016,0.000770558253401292
1167_2-3,winter2,2016,0.000669384774539037
1169_3-4,fallMig,2016,0.0010560405519572
1169_3-4,springMig,2016,0.000182132774792824
1169_3-4,winter1,2016,0.000367230773938856
1173_2-3,winter2,2016,0.000775885771535538
1176_2-3,winter2,2016,8.58762237361882e-05
1178_2-3,winter2,2016,0.00133808145624303
1181_2-3,winter2,2016,0.0100644122383253
122_1-2,winter2,2016,0
123_1-2,winter2,2016,0.000908553076402975
1233_2-3,winter2,2016,0.00481052656401066
1233_3-4,fallMig,2016,0.00362898921976732
1233_3-4,springMig,2016,0
1233_3-4,winter1,2016,0.00233120359178035
1233_3-4,winter2,2016,0.0042524059665337
1240_2-3,winter2,2016,0.00193897136589761
1240_3-4,fallMig,2016,0
1240_3-4,springMig,2016,0.00172001911132346
1240_3-4,winter1,2016,0.000809716599190283
1240_3-4,winter2,2016,0.00359570222890859
1248_2-3,winter2,2016,0.00402371464671008
1249_2-3,winter2,2016,0.00510739909570293
1249_3-4,fallMig,2016,0.00298166592653683
1249_3-4,springMig,2016,0.000836365157027558
1249_3-4,winter1,2016,0.00438921990627849
1249_3-4,winter2,2016,0.00381233953162686
1252_2-3,winter2,2016,0.00443392165303487
139_1-2,winter2,2016,0
1406_1-2,fallMig,2016,0.00521648408972353
1406_1-2,springMig,2016,0.00159299084030267
1406_1-2,winter1,2016,0.00427831569466336
1409_1-2,fallMig,2016,0.00038572806171649
1409_1-2,springMig,2016,0.00876702107815706
1409_1-2,winter1,2016,0.00292517404785585
1485_1-2,winter2,2016,0.0154901787554849
1485_2-3,fallMig,2016,0.00111614928496686
1485_2-3,springMig,2016,0
1485_2-3,winter1,2016,0.0136536694236576
1487_2-3,fallMig,2016,0
1487_2-3,springMig,2016,0
1487_2-3,winter1,2016,0.0126501086840324
1492_2-3,fallMig,2016,0.000239058791387053
1492_2-3,springMig,2016,0.00220717630566409
1492_2-3,winter1,2016,0.0167334368953206
1493_2-3,fallMig,2016,0.00816417294069062
1493_2-3,springMig,2016,0
1493_2-3,winter1,2016,0.020615346287992
1496_2-3,fallMig,2016,0.000863131935881628
1496_2-3,springMig,2016,0.00907481186365649
1496_2-3,winter1,2016,0.0210220810291407
1497_2-3,fallMig,2016,0.0759453781512605
1497_2-3,springMig,2016,0.0158156151969327
1497_2-3,winter1,2016,0.0171665252757124
1498_2-3,fallMig,2016,0.0114298806099331
1498_2-3,springMig,2016,0.013588367664878
1498_2-3,winter1,2016,0.0191121882381814
1499_1-2,winter2,2016,0.024211880763457
1501_2-3,fallMig,2016,0
1501_2-3,springMig,2016,0
1501_2-3,winter1,2016,0.0162484423485718
1502_1-2,winter2,2016,0.018070074066292
1502_2-3,fallMig,2016,0.0029293886176492
1502_2-3,springMig,2016,0.00105493792096081
1502_2-3,winter1,2016,0.0165092402464066
1503_2-3,fallMig,2016,0.0041720696848396
1503_2-3,springMig,2016,0.000964436407474382
1503_2-3,winter1,2016,0.0140854384340696
1504_1-2,winter2,2016,0.0196320596938119
1504_2-3,fallMig,2016,0.011208967173739
1504_2-3,springMig,2016,0.00500947738965611
1504_2-3,winter1,2016,0.0151750617058232
1510_1-2,winter2,2016,0.00110170580782578
1512_1-2,winter2,2016,0.000479573712255773
1516_1-2,winter2,2016,0.00080198685776375
1517_1-2,winter2,2016,2.73522975929978e-05
1520_1-2,winter2,2016,0.00308549285541293
1539_4-5,winter2,2016,3.4294728900168e-05
1560_2-3,winter2,2016,0.0040026564715596
1561_2-3,winter2,2016,0.000951840320185322
1563_2-3,winter2,2016,0.0098438560760353
1565_2-3,fallMig,2016,0.000477668975400048
1565_2-3,winter2,2016,0.000245663505084166
1566_2-3,winter2,2016,0.000462117886272788
1567_2-3,winter2,2016,0.00924868691482074
1568_2-3,winter2,2016,0.000225354934021083
1569_2-3,winter2,2016,0.000482206577297714
1605_1-2,fallMig,2016,0.0247099531854264
1605_1-2,springMig,2016,0.0267839652378324
1605_1-2,winter1,2016,0.0151938975766133
177_1-2,winter2,2016,0
190_1-2,winter2,2016,0
210_1-2,winter2,2016,0.00110067219623413
227_1-2,fallMig,2016,0.00053166979761103
227_1-2,winter2,2016,0
266_2-3,winter2,2016,0.000591103886508054
283_1-2,winter2,2016,0.00016386151361221
284_1-2,winter2,2016,0.000155846468964289
376_1-2,winter2,2016,0.0254348044636574
641_1-2,winter2,2016,0
710_1-2,winter2,2016,0.000338910143189535
710_2-3,fallMig,2016,0.00107686265567
710_2-3,springMig,2016,0.000545865072079002
710_2-3,winter1,2016,0.000463169999361145
711_1-2,winter2,2016,0.00508257307135843
711_2-3,fallMig,2016,0.00658641835112423
711_2-3,springMig,2016,0.000359130903214222
711_2-3,winter1,2016,0.00180910974293134
712_2-3,fallMig,2016,0.000498449736835436
712_2-3,springMig,2016,0.00211504077449741
712_2-3,winter1,2016,0.000923254472013849
714_1-2,winter2,2016,0.000476126992591464
714_2-3,fallMig,2016,0.00501302403302698
714_2-3,springMig,2016,0.000545229244114003
714_2-3,winter1,2016,0.000712601519517946
715_1-2,winter2,2016,0.00322141626489453
715_2-3,fallMig,2016,3.21739969756443e-05
715_2-3,springMig,2016,0.000677479775236122
715_2-3,winter1,2016,0.00256635870362223
716_1-2,winter2,2016,0.00283075257418038
716_2-3,fallMig,2016,0.00209344547778725
716_2-3,springMig,2016,0.00158408642360029
716_2-3,winter1,2016,0.00307516269756132
717_1-2,winter2,2016,0.00441855527838225
717_2-3,springMig,2016,0.000115384615384615
717_2-3,winter1,2016,0.00238893511157975
718_1-2,winter2,2016,0.00311801624580138
718_2-3,fallMig,2016,0.00106406080347448
718_2-3,springMig,2016,0.000754546140496491
718_2-3,winter1,2016,0.0030173835497624
719_1-2,winter2,2016,0.002808199943836
719_2-3,fallMig,2016,0.000860560511746651
719_2-3,springMig,2016,0
719_2-3,winter1,2016,0.00295633830017976
720_1-2,winter2,2016,0.00181170076350246
720_2-3,fallMig,2016,0.000482135606983354
720_2-3,springMig,2016,0.00230500211954218
720_2-3,winter1,2016,0.00143461302807956
721_1-2,winter2,2016,0.0025062656641604
721_2-3,fallMig,2016,0.00111651235893296
721_2-3,springMig,2016,0.00229643361093434
721_2-3,winter1,2016,0.00272471151248505
722_1-2,winter2,2016,0.00125208681135225
722_2-3,fallMig,2016,0.00100642473464325
722_2-3,springMig,2016,8.05379937985745e-05
722_2-3,winter1,2016,0.00136940984590293
723_1-2,winter2,2016,0.00172149447238884
723_2-3,fallMig,2016,0.00183471164904978
723_2-3,springMig,2016,0.000701371571072319
723_2-3,winter1,2016,0.00163206629740814
724_2-3,fallMig,2016,0.00193728676987433
724_2-3,springMig,2016,0.000336848651309823
724_2-3,winter1,2016,0.00211080179877023
726_1-2,winter2,2016,0.000667032299186221
726_2-3,fallMig,2016,0.00193819791643724
726_2-3,springMig,2016,0.000256814763180101
726_2-3,winter1,2016,0.000728547867996734
10_1-2,fallMig,2019,0.000544514021236047
10_1-2,springMig,2019,1.5266709413453e-05
10_1-2,winter1,2019,0.000664959936163846
10_1-2,winter2,2020,8.13559322033898e-05
1132_1-2,fallMig,2018,0.0041353922646651
1132_1-2,springMig,2018,0.00144312842083033
1132_1-2,winter1,2018,0.00541637657387631
1132_1-2,winter2,2019,0.0320859304919843
1133_1-2,fallMig,2018,0.00301973977544485
1133_1-2,springMig,2018,0.00694740498634203
1133_1-2,winter1,2018,0.0145483840394275
1133_1-2,winter2,2019,0.00733736762481089
1137_1-2,fallMig,2018,0.00358792184724689
1137_1-2,springMig,2018,0.00156175508392379
1137_1-2,winter1,2018,0.0055664819119137
1137_1-2,winter2,2019,0.0341509450603727
1138_1-2,fallMig,2018,0.00225605606110257
1138_1-2,springMig,2018,0.00136156125690792
1138_1-2,winter1,2018,0.00104629313290058
1138_1-2,winter2,2019,0.00316770019596789
1139_1-2,fallMig,2018,0
1139_1-2,springMig,2018,0
1139_1-2,winter1,2018,0.0025200576013166
1139_1-2,winter2,2019,0.0155401998873039
1142_1-2,fallMig,2018,0.00179594629265372
1142_1-2,springMig,2018,0.00127461277263967
1142_1-2,winter1,2018,0.00253317249698432
1142_1-2,winter2,2019,0.00252977759038685
1143_1-2,fallMig,2019,0.0168819397235441
1143_1-2,springMig,2018,0.0264943878882798
1143_1-2,winter1,2018,0.000437062937062937
1143_1-2,winter2,2019,0.0029673590504451
1144_1-2,fallMig,2018,0.00108292079207921
1144_1-2,springMig,2018,0.00454812781807489
1144_1-2,winter1,2018,0.0032714761125839
1144_1-2,winter2,2018,0.017137538326763
1147_1-2,fallMig,2018,0.00419984867720797
1147_1-2,springMig,2018,0.000413548162143315
1147_1-2,winter1,2018,0.00228704409581511
1147_1-2,winter2,2019,0.000509299099067456
1148_1-2,fallMig,2018,0.00503570396664878
1148_1-2,springMig,2018,0.00116893677576743
1148_1-2,winter1,2018,0.00549003158310304
1148_1-2,winter2,2019,0.0351586706239196
1149_1-2,fallMig,2018,0
1149_1-2,springMig,2018,0
1149_1-2,winter1,2018,0.000371183766896594
1149_1-2,winter2,2019,0.00426979999357925
1151_1-2,fallMig,2018,0.0017356055399597
1151_1-2,springMig,2018,0.00247557433324531
1151_1-2,winter1,2018,0.0035070829321964
1151_1-2,winter2,2019,0.012691836711338
1152_1-2,fallMig,2018,0.0095155488660425
1152_1-2,springMig,2018,0.00746760377772897
1152_1-2,winter1,2018,0.00119057743005358
1152_1-2,winter2,2019,0.0156902047119903
1153_1-2,fallMig,2018,0.00390636874905001
1153_1-2,springMig,2018,0.00160357703022216
1153_1-2,winter1,2018,0.00505003078014628
1153_1-2,winter2,2019,0.034915224611082
1154_1-2,fallMig,2018,0.00469058202855876
1154_1-2,springMig,2018,0.00244828105315702
1154_1-2,winter1,2018,0.00905401186387761
1154_1-2,winter2,2019,0.040751222022125
1157_1-2,fallMig,2018,0.00151256750720754
1157_1-2,springMig,2018,0.00153738547516984
1157_1-2,winter1,2018,0.00597936532749726
1157_1-2,winter2,2019,0.00532952207944862
1159_1-2,fallMig,2018,0
1159_1-2,springMig,2018,0.00345781466113416
1159_1-2,winter1,2018,0.00299331492998969
1159_1-2,winter2,2019,0.0170892124346506
1160_1-2,fallMig,2018,0.00142380756116752
1160_1-2,springMig,2018,0.000302114803625378
1160_1-2,winter1,2018,0.0023880838662673
1160_1-2,winter2,2019,0.0127374838725999
1161_1-2,fallMig,2018,0.00198205098845909
1161_1-2,springMig,2018,0.00275021701564947
1161_1-2,winter1,2018,0.00985887154723923
1161_1-2,winter2,2019,0.0361982852587567
1162_1-2,fallMig,2018,0.00411797440178075
1162_1-2,springMig,2018,0.00274638550413536
1162_1-2,winter1,2018,0.00516722921141454
1162_1-2,winter2,2019,0.0323596246248851
1163_1-2,fallMig,2019,0.0108949416342412
1163_1-2,springMig,2018,0.0155744578890619
1163_1-2,winter1,2018,0.0135251444731341
1163_1-2,winter2,2019,0.0102061438965238
1164_1-2,fallMig,2018,0.00198656543039445
1164_1-2,springMig,2018,0.000811812397535042
1164_1-2,winter1,2018,0.00252578404546411
1164_1-2,winter2,2019,0.0506734893520957
1169_3-4,winter2,2017,0.00171541675830218
1233_4-5,fallMig,2017,0.00468342685459285
1233_4-5,springMig,2017,0.00536632390745501
1233_4-5,winter1,2017,0.00636818687430478
1233_4-5,winter2,2018,0.00245133877501871
1240_4-5,fallMig,2017,0.000539512550410704
1240_4-5,springMig,2017,0.00596851304850939
1240_4-5,winter1,2017,0.0082457004561907
1240_4-5,winter2,2018,0.00751324054686538
1358_1-2,fallMig,2017,0.00880252449759176
1358_1-2,springMig,2017,0.00900953606739601
1358_1-2,winter1,2017,0.0256710323191076
1358_1-2,winter2,2018,0.0330802000370439
1359_1-2,fallMig,2017,0.0045704320830918
1359_1-2,springMig,2017,0.00502569907885007
1359_1-2,winter1,2017,0.015292978385193
1359_1-2,winter2,2018,0.0175531190411332
1368_1-2,fallMig,2017,0.0177864194696361
1368_1-2,springMig,2017,0.00382241463944571
1368_1-2,winter1,2017,0.00124261023458975
1368_1-2,winter2,2018,0.00561016659755592
1379_1-2,fallMig,2017,0.0229362218838541
1379_1-2,springMig,2017,0
1379_1-2,winter1,2017,0.011971414265556
1379_1-2,winter2,2018,0.0174978687127025
14_1-2,fallMig,2019,0.00552571732713989
14_1-2,springMig,2019,0.00394321072412488
14_1-2,winter1,2019,0.0109044123850502
14_1-2,winter2,2020,0.000972512227911101
1406_1-2,winter2,2017,0.00109067381458545
1409_1-2,winter2,2017,0.00178469322336389
1485_2-3,winter2,2017,0.0163621028956986
1487_2-3,winter2,2017,0.0188901543415937
1487_3-4,fallMig,2017,0.00418864908073541
1487_3-4,springMig,2017,0
1487_3-4,winter1,2017,0.0111920783794149
1487_3-4,winter2,2018,0.0335433102160046
1492_2-3,winter2,2017,0.0251101965781612
1492_3-4,fallMig,2017,0.000537310866574966
1492_3-4,springMig,2017,0
1492_3-4,winter1,2017,0.0198708940804497
1492_3-4,winter2,2018,0.0545182111572153
1493_2-3,winter2,2017,0.0252427947941651
1493_3-4,fallMig,2017,0.0138303341902314
1493_3-4,springMig,2017,0.00448528607373373
1493_3-4,winter1,2017,0.0154178003284555
1493_3-4,winter2,2018,0
1496_2-3,winter2,2017,0.0513470805126905
1496_3-4,fallMig,2017,0.0174613003095975
1496_3-4,springMig,2017,0.00641025641025641
1496_3-4,winter1,2017,0.0128961448758403
1496_3-4,winter2,2018,0.0435543457126191
1497_2-3,winter2,2017,0.0580128643766252
1498_2-3,winter2,2017,0.0326832352512037
1498_3-4,fallMig,2017,0.0126898970880297
1498_3-4,springMig,2017,0.00181096700311593
1498_3-4,winter1,2017,0.0155396075228037
1498_3-4,winter2,2018,0.0374743247208537
1501_2-3,winter2,2017,0.0250356302694164
1501_3-4,fallMig,2017,0
1501_3-4,springMig,2017,0
1501_3-4,winter1,2017,0.0100597893138464
1501_3-4,winter2,2018,0.0523567310952865
1502_2-3,winter2,2017,0.0243223745233433
1502_3-4,fallMig,2017,0
1502_3-4,springMig,2017,0.00457589285714286
1502_3-4,winter1,2017,0.0164194152383696
1502_3-4,winter2,2018,0.0447181511919834
1503_2-3,winter2,2017,0.0260986374976012
1503_3-4,fallMig,2017,0.0107770845150312
1503_3-4,springMig,2017,0.00375567263053571
1503_3-4,winter1,2017,0.0113000609317011
1503_3-4,winter2,2018,0.0229155473367236
1504_2-3,winter2,2017,0.0176599857025603
1558_1-2,fallMig,2017,0.012316148404499
1558_1-2,springMig,2017,0
1558_1-2,winter1,2017,0.00245812520681342
1558_1-2,winter2,2018,0.00501493696278162
1558_2-3,fallMig,2018,0
1558_2-3,springMig,2018,0.00758735904218293
1558_2-3,winter1,2018,0.00510897859279692
1558_2-3,winter2,2019,0
16_1-2,fallMig,2019,0.0346672224538002
16_1-2,springMig,2019,0.0145735524256651
16_1-2,winter1,2019,0.0189102020030555
16_1-2,winter2,2020,0.0155738182665967
1605_1-2,winter2,2017,0.00894966903959036
1609_2-3,fallMig,2018,0.00742397374480587
1609_2-3,springMig,2017,0
1609_2-3,winter1,2017,0.00816785550234687
1609_2-3,winter2,2018,0.00616891183546337
1674_1-2,fallMig,2018,0.000420246167274138
1674_1-2,springMig,2018,9.47373407228459e-05
1674_1-2,winter1,2018,0.00116570791414308
1674_1-2,winter2,2019,0.00417717063972978
1691_1-2,fallMig,2018,0.000375953527293013
1691_1-2,springMig,2018,0.000503778337531486
1691_1-2,winter1,2018,0.00114595169596016
1691_1-2,winter2,2019,0.000539574023528872
17_1-2,fallMig,2019,3.61663652802893e-05
17_1-2,springMig,2019,0.00734066104788908
17_1-2,winter1,2019,0.00573967183345224
17_1-2,winter2,2020,0.00273457885398184
1713_1-2,fallMig,2018,0.000682904620987935
1713_1-2,springMig,2018,0.000554817819656923
1713_1-2,winter1,2018,0.000509808142202484
1713_1-2,winter2,2019,0.000358681645684528
1718_1-2,fallMig,2018,0.000851920693928129
1718_1-2,springMig,2018,0.00105177048030852
1718_1-2,winter1,2018,0.00108894015563666
1718_1-2,winter2,2019,0.000359308331461936
1720_1-2,fallMig,2018,0.000979078944997387
1720_1-2,springMig,2018,0.00120822867317414
1720_1-2,winter1,2018,0.000256788855363677
1720_1-2,winter2,2019,0.000952226370178001
1721_1-2,fallMig,2019,0.000313029387935479
1721_1-2,springMig,2018,0
1721_1-2,winter1,2018,0.000725401261434615
1721_1-2,winter2,2019,0.00059834913311466
1771_1-2,fallMig,2017,0.00320512820512821
1771_1-2,springMig,2017,0.000588304506412519
1771_1-2,winter1,2017,0.0131274131274131
1771_1-2,winter2,2018,0.017385866166354
1771_2-3,fallMig,2018,0.000205824843058557
1771_2-3,springMig,2018,0.00161672774304807
1771_2-3,winter1,2018,0.0135440180586907
1771_2-3,winter2,2019,0.0172371638141809
1772_2-3,fallMig,2018,0.00765893631835467
1772_2-3,springMig,2018,0.00711144888985397
1772_2-3,winter1,2018,0
1772_2-3,winter2,2019,0.025951037039511
1773_2-3,fallMig,2018,0
1773_2-3,springMig,2018,0.00290468986384266
1773_2-3,winter1,2018,0
1773_2-3,winter2,2019,0.0165762815921416
1775_1-2,fallMig,2019,0.00972972972972973
1775_1-2,springMig,2018,0.0122217372326495
1775_1-2,winter1,2018,0.00168918918918919
1775_1-2,winter2,2019,0
1776_1-2,fallMig,2018,0.000113011376478566
1776_1-2,springMig,2018,0.000271739130434783
1776_1-2,winter1,2018,0
1776_1-2,winter2,2019,0
1777_1-2,fallMig,2018,4.61169525917727e-05
1777_1-2,springMig,2018,0
1777_1-2,winter1,2018,0.0462495141857754
1777_1-2,winter2,2018,0.00352457411396123
1778_1-2,fallMig,2018,0.0238010516743763
1778_1-2,springMig,2018,0.0169039145907473
1778_1-2,winter1,2018,0.00602409638554217
1778_1-2,winter2,2019,0
19_1-2,fallMig,2019,0.000357491062723432
19_1-2,springMig,2019,0.003476664986494
19_1-2,winter1,2019,0.00344111154395533
19_1-2,winter2,2020,0.000392393921075796
20_1-2,fallMig,2019,0.00354626741131961
20_1-2,springMig,2019,0.000581108565945687
20_1-2,winter1,2019,0.000380671224362958
20_1-2,winter2,2020,0.0194252931407579
21_1-2,fallMig,2019,0.00304559238732615
21_1-2,springMig,2019,0
21_1-2,winter1,2019,0.000570513646318347
21_1-2,winter2,2020,0.0158319536423841
22_1-2,fallMig,2019,0.00983183388376419
22_1-2,springMig,2019,0.014853017019082
22_1-2,winter1,2019,0.0189328743545611
22_1-2,winter2,2020,0.00210163964127185
24_1-2,fallMig,2019,0.000269409747734509
24_1-2,springMig,2019,0.000628481645479217
24_1-2,winter1,2019,0.000624668736276217
24_1-2,winter2,2020,0.000501975632668574
26_1-2,fallMig,2019,0.00978220745662606
26_1-2,springMig,2019,0.00627926964025749
26_1-2,winter1,2019,0.0143493222002955
26_1-2,winter2,2020,0.0136497319861487
27_1-2,fallMig,2019,0
27_1-2,springMig,2019,0.000604485983481258
27_1-2,winter1,2019,0.002430012789541
27_1-2,winter2,2020,0.00100581486720101
3_1-2,fallMig,2019,0.000153122607459258
3_1-2,springMig,2019,0.000201606649917807
3_1-2,winter1,2019,0.000572676664091841
3_1-2,winter2,2020,0.000206695940189253
32_1-2,fallMig,2019,0.00795739149732112
32_1-2,springMig,2019,0
32_1-2,winter1,2019,0
32_1-2,winter2,2020,0.00861736505445696
33_1-2,fallMig,2019,0.000386589146699211
33_1-2,springMig,2019,0.000823882693511136
33_1-2,winter1,2019,0.00648055832502493
33_1-2,winter2,2020,0.000815599277253564
34_1-2,fallMig,2019,0.000747011952191235
34_1-2,springMig,2019,0.00119182288299935
34_1-2,winter1,2019,0.0269253380364491
34_1-2,winter2,2020,0.0138874610992215
36_1-2,fallMig,2019,4.66984215933502e-05
36_1-2,springMig,2019,0.00458114123836504
36_1-2,winter1,2019,0.00122392020497804
36_1-2,winter2,2020,0.00352801389269719
39_1-2,fallMig,2019,5.47218080085366e-05
39_1-2,springMig,2019,7.87696185581221e-05
39_1-2,winter1,2019,0.000542563403402846
39_1-2,winter2,2020,0.000394564548158554
4_1-2,fallMig,2019,7.44296825574039e-05
4_1-2,springMig,2019,0.00010104327178114
4_1-2,winter1,2019,0.000984205203391096
4_1-2,winter2,2020,0.000478137513755243
40_1-2,fallMig,2019,0.000532964416120473
40_1-2,springMig,2019,0.000390069692451718
40_1-2,winter1,2019,0.00104488289780857
40_1-2,winter2,2020,0.000542652485348383
41_1-2,fallMig,2019,0.00721331929660389
41_1-2,springMig,2019,0.0133587786259542
41_1-2,winter1,2019,0.00841167738743197
41_1-2,winter2,2020,0.00829399865138233
42_1-2,fallMig,2019,7.59359100918825e-05
42_1-2,springMig,2019,0.000161129870675765
42_1-2,winter1,2019,0.000393762341264556
42_1-2,winter2,2020,0.000468504767036005
43_1-2,fallMig,2019,0.00506232993735367
43_1-2,springMig,2019,0.00503061210387385
43_1-2,winter1,2019,0.00494240926542647
43_1-2,winter2,2020,0.00741865763187102
44_1-2,fallMig,2019,0.000232944824206984
44_1-2,springMig,2019,0.000328947368421053
44_1-2,winter1,2019,0.000365488549321513
44_1-2,winter2,2020,0.000347124191779173
45_1-2,fallMig,2019,0.00168902427118115
45_1-2,springMig,2019,0.00174766093446754
45_1-2,winter1,2019,0.000270709258256632
45_1-2,winter2,2020,0.000354358610914245
46_1-2,fallMig,2019,0.00016341115335592
46_1-2,springMig,2019,0.000126492922516964
46_1-2,winter1,2019,0.000905482697734784
46_1-2,winter2,2020,0.000425877414709622
48_1-2,fallMig,2019,7.42566905278166e-05
48_1-2,springMig,2019,0.00050547049519803
48_1-2,winter1,2019,0.00147619362372486
48_1-2,winter2,2020,0.000782224237614783
49_1-2,fallMig,2019,0.00559616343324978
49_1-2,springMig,2019,0
49_1-2,winter1,2019,0.0067054985087772
49_1-2,winter2,2020,0.00151392939132593
5_1-2,fallMig,2019,0.000127990898425001
5_1-2,springMig,2019,0.000301713059705662
5_1-2,winter1,2019,0.000540693027410786
5_1-2,winter2,2020,0.000174459176552687
50_1-2,fallMig,2019,0.000247621069015529
50_1-2,springMig,2019,0.000318088078588961
50_1-2,winter1,2019,0.00341050901847101
50_1-2,winter2,2020,0.0011352133340437
51_1-2,fallMig,2019,0
51_1-2,springMig,2019,0.00017402065045052
51_1-2,winter1,2019,0.000658844199033695
51_1-2,winter2,2020,0
52_1-2,fallMig,2019,0.000289397526966588
52_1-2,springMig,2019,0.000177129988106987
52_1-2,winter1,2019,0.000540681631739876
52_1-2,winter2,2020,0.000458378632503746
53_1-2,fallMig,2019,0.0116584215472454
53_1-2,springMig,2019,0.00103424500114916
53_1-2,winter1,2019,0.00151603900354891
53_1-2,winter2,2020,0.000766871165644172
54_1-2,fallMig,2019,0.00526315789473684
54_1-2,springMig,2019,0.00944062680624237
54_1-2,winter1,2019,0.0445999125491911
54_1-2,winter2,2020,0.0142691742028351
55_1-2,fallMig,2019,0.000207936490254834
55_1-2,springMig,2019,0.000629178297242683
55_1-2,winter1,2019,0.000586973969501312
55_1-2,winter2,2020,0.000843475911514105
56_1-2,fallMig,2019,8.65442866346773e-05
56_1-2,springMig,2019,0.000159731650826611
56_1-2,winter1,2019,0.00130907186804556
56_1-2,winter2,2020,0.000572327943911862
59_1-2,fallMig,2019,0
59_1-2,springMig,2019,0.000755698830101685
59_1-2,winter1,2019,0.00157062082357645
59_1-2,winter2,2020,0.000939117602119723
6_1-2,fallMig,2019,0.000209955446742488
6_1-2,springMig,2019,0.000217611827370211
6_1-2,winter1,2019,0.000609464627151052
6_1-2,winter2,2020,0.000394061624153764
60_1-2,fallMig,2019,0.000264344053953299
60_1-2,springMig,2019,0.000133034154301881
60_1-2,winter1,2019,0.000430987302977233
60_1-2,winter2,2020,0.000348232491007812
7_1-2,fallMig,2019,0.00509188315214113
7_1-2,springMig,2019,0.00423575846550023
7_1-2,winter1,2019,0.00847519902020821
7_1-2,winter2,2020,0.00546975935473744
710_2-3,winter2,2017,0.00430220033851362
711_2-3,winter2,2017,0.0131732577519898
712_2-3,winter2,2017,0.00321210901037758
714_2-3,winter2,2017,0.000521912656381917
715_2-3,winter2,2017,0.00906156901688183
716_2-3,winter2,2017,0.0070596185505496
717_2-3,fallMig,2017,0.00486779144659503
717_2-3,winter2,2017,0.00463516280229888
718_2-3,winter2,2017,0.0050641309155241
719_2-3,winter2,2017,0.00568161591422042
720_2-3,winter2,2017,0.00701671989479617
721_2-3,winter2,2017,0.00502253532296224
722_2-3,winter2,2017,0.00900721075875147
723_2-3,winter2,2017,0.00549673516065961
724_2-3,winter2,2017,0.00652444466793217
726_2-3,winter2,2017,0.0052081293808983
9_1-2,fallMig,2019,0.00124150119403203
9_1-2,springMig,2019,0.00227353104632951
9_1-2,winter1,2019,0.00915353275436904
9_1-2,winter2,2020,0.00615589498287764
