elkYear,reclass,notes,manualSpStart,manualSpEnd,manualFaStart,manualFaEnd,elk,year
10_1,disperser,,6-17,6-27,,,10,1
10_2,migrant,,3-9,3-10,5-25,5-29,10,2
100_1,migrant,,4-6,4-25,9-22,1-10,100,1
100_2,migrant,,3-30,5-6,10-17,11-19,100,2
101_1,migrant,,5-14,5-16,11-5,11-11,101,1
101_2,migrant,,5-3,5-15,11-23,11-25,101,2
102_1,migrant,,4-30,5-7,10-11,10-26,102,1
102_2,migrant,,4-22,5-3,11-25,11-27,102,2
1132_1,migrant,,4-1,4-15,11-23,12-8,1132,1
1132_2,migrant,,4-14,4-23,,,1132,2
1133_1,disperser,,5-26,6-30,9-26,12-5,1133,1
1133_2,disperser,,4-20,7-2,8-7,8-9,1133,2
1137_1,migrant,,4-1,4-22,11-22,12-18,1137,1
1137_2,migrant,no return,4-13,4-26,,,1137,2
1138_1,migrant,,4-2,4-20,12-5,12-9,1138,1
1138_2,migrant,no return,4-19,5-10,,,1138,2
1139_1,migrant,,8-20,8-21,10-9,10-10,1139,1
1139_2,migrant,,4-17,4-20,10-26,10-27,1139,2
1142_1,migrant,,4-22,5-8,11-23,11-24,1142,1
1142_2,migrant,,6-27,7-22,11-15,11-20,1142,2
1143_1,migrant,,4-27,4-30,1-8,1-19,1143,1
1143_2,migrant,no return,4-16,4-25,,,1143,2
1144_1,migrant,,8-20,8-22,10-2,10-4,1144,1
1144_2,migrant,no return,3-30,4-9,,,1144,2
1147_1,migrant,,5-3,5-10,11-23,12-29,1147,1
1147_2,migrant,no return,5-1,5-7,,,1147,2
1148_1,migrant,,4-1,4-8,11-30,12-8,1148,1
1148_2,migrant,,5-28,6-2,,,1148,2
1149_1,migrant,,6-30,7-2,11-11,11-20,1149,1
1149_2,migrant,,5-15,6-6,9-29,10-1,1149,2
1151_1,migrant,,8-21,8-22,10-2,10-8,1151,1
1151_2,migrant,no return,8-6,8-7,,,1151,2
1152_1,migrant,,5-18,7-20,8-22,10-10,1152,1
1152_2,migrant,,6-12,6-17,8-7,8-8,1152,2
1153_1,migrant,,4-1,4-24,11-21,12-08,1153,1
1153_2,migrant,no return,4-23,5-5,,,1153,2
1154_1,migrant,,3-21,4-29,12-5,12-21,1154,1
1154_2,migrant,no return,3-28,5-5,,,1154,2
1157_1,migrant,,3-26,5-18,10-10,12-08,1157,1
1157_2,migrant,no return,3-4,5-28,,,1157,2
1159_1,migrant,,8-19,8-21,11-11,12-8,1159,1
1159_2,migrant,no return,4-9,4-28,,,1159,2
1160_1,migrant,,8-22,8-23,10-1,10-6,1160,1
1160_2,resident,,,,,,1160,2
1161_1,migrant,,3-13,5-25,10-10,12-8,1161,1
1161_2,migrant,no return,3-28,5-31,,,1161,2
1162_1,migrant,,4-10,4-13,11-17,12-8,1162,1
1162_2,migrant,no return,4-1,4-23,,,1162,2
1163_1,migrant,,3-25,4-24,1-11,1-19,1163,1
1163_2,migrant,no return,4-16,4-20,,,1163,2
1164_1,migrant,,5-2,5-13,12-4,12-8,1164,1
1164_2,migrant,no return,4-14,4-25,,,1164,2
1165_1,migrant,,5-19,7-2,10-14,11-27,1165,1
1165_2,migrant,no return,4-23,6-11,,,1165,2
1166_1,migrant,,5-2,5-31,10-30,11-13,1166,1
1166_2,migrant,,5-1,6-12,11-1,11-7,1166,2
1166_3,migrant,,5-17,5-26,10-20,10-28,1166,3
1167_1,migrant,,5-22,6-4,11-30,12-10,1167,1
1167_2,migrant,,6-12,7-4,12-20,1-2,1167,2
1167_3,migrant,,5-19,5-25,12-06,12-26,1167,3
1169_3,migrant,,7-1,7-4,11-15,11-21,1169,3
1169_4,migrant,,7-3,7-24,1-21,1-28,1169,4
1170_1,migrant,,5-13,06-09,10-27,11-21,1170,1
1170_2,migrant,no return,4-29,5-24,,,1170,2
1173_1,migrant,,5-19,6-17,10-28,12-11,1173,1
1173_2,migrant,,4-28,6-17,11-1,11-28,1173,2
1173_3,migrant,,5-18,5-31,10-05,11-06,1173,3
1174_1,migrant,,5-17,5-28,10-30,12-10,1174,1
1174_2,migrant,no return,4-21,5-19,,,1174,2
1176_1,migrant,,6-13,7-3,11-15,12-4,1176,1
1176_2,migrant,,5-2,06-08,11-08,12-4,1176,2
1176_3,migrant,no return,6-6,6-15,,,1176,3
1178_1,migrant,,5-15,6-13,10-29,11-13,1178,1
1178_2,migrant,,6-19,6-29,10-31,11-17,1178,2
1178_3,migrant,,6-6,6-11,10-9,11-8,1178,3
118_1,migrant,,4-18,5-27,12-2,12-5,118,1
118_2,migrant,,3-6,4-1,12-19,12-21,118,2
1181_1,migrant,,4-25,5-24,11-30,12-4,1181,1
1181_2,migrant,,3-28,5-3,12-20,12-31,1181,2
1181_3,migrant,,4-21,5-20,12-1,12-23,1181,3
119_1,migrant,,5-1,6-7,11-12,12-4,119,1
119_2,migrant,,3-3,5-18,11-6,12-2,119,2
122_1,migrant,,3-30,6-4,11-21,12-30,122,1
122_2,migrant,,4-21,5-12,11-29,12-9,122,2
123_1,migrant,,3-14,6-12,11-6,12-28,123,1
123_2,migrant,no return,4-2,5-16,,,123,2
1233_1,migrant,,4-16,4-22,11-6,12-17,1233,1
1233_2,migrant,,3-13,3-16,10-15,10-22,1233,2
1233_3,migrant,,4-1,4-5,10-10,10-14,1233,3
1233_4,migrant,,2-28,3-16,9-28,11-14,1233,4
1233_5,migrant,,5-4,5-7,10-15,11-19,1233,5
1234_1,migrant,,5-1,5-7,9-8,9-10,1234,1
1234_2,migrant,,3-14,3-18,7-25,7-30,1234,2
1235_1,resident,,,,,,1235,1
1235_2,resident,,,,,,1235,2
1236_1,migrant,,4-15,5-1,12-14,12-20,1236,1
1236_2,migrant,,2-4,4-16,10-27,12-27,1236,2
1239_1,resident,,,,,,1239,1
1239_2,resident,,,,,,1239,2
1240_1,migrant,,4-3,5-18,7-24,10-2,1240,1
1240_2,migrant,,4-29,5-1,10-2,10-5,1240,2
1240_3,migrant,,6-1,6-4,9-6,9-13,1240,3
1240_4,migrant,,4-8,4-22,7-11,9-17,1240,4
1240_5,migrant,,5-3,5-5,6-26,9-22,1240,5
1245_1,migrant,,4-30,5-3,11-10,11-17,1245,1
1245_2,migrant,,4-27,4-30,10-19,10-21,1245,2
1246_1,migrant,,4-20,5-7,11-8,12-21,1246,1
1246_2,migrant,,3-11,3-18,10-22,11-5,1246,2
1248_1,resident,,,,,,1248,1
1248_2,resident,,,,,,1248,2
1248_3,resident,,,,,,1248,3
1249_1,migrant,,5-3,5-9,11-8,11-10,1249,1
1249_2,migrant,,5-4,5-16,9-23,10-13,1249,2
1249_3,migrant,,4-30,5-9,10-8,10-15,1249,3
1249_4,migrant,,4-6,6-27,9-4,10-19,1249,4
1250_1,migrant,,4-14,4-20,11-8,11-13,1250,1
1250_2,migrant,,3-9,3-14,10-16,10-20,1250,2
1252_1,migrant,,5-13,5-14,9-9,9-11,1252,1
1252_2,migrant,,5-18,5-25,8-29,9-8,1252,2
1252_3,migrant,,5-1,5-6,10-22,10-26,1252,3
1253_1,resident,,,,,,1253,1
1253_2,resident,,,,,,1253,2
1294_1,migrant,,5-3,7-5,10-22,10-24,1294,1
1294_2,migrant,no return,6-9,6-19,,,1294,2
1306_1,migrant,,5-19,5-24,11-4,11-27,1306,1
1306_2,migrant,,5-23,6-2,12-4,12-9,1306,2
1311_1,disperser,,5-6,5-19,11-29,1-26,1311,1
1311_2,migrant,no return,3-18,5-2,,,1311,2
134_1,migrant,big mig after return,7-29,7-30,8-23,9-1,134,1
134_2,migrant,no return,4-1,4-23,,,134,2
135_1,migrant,same as 134,6-20,6-22,9-15,10-4,135,1
135_2,migrant,,3-28,6-24,9-26,10-6,135,2
1358_1,migrant,,6-18,6-30,7-28,8-3,1358,1
1358_2,migrant,no return,5-15,6-2,,,1358,2
1359_1,migrant,,4-29,6-6,9-23,11-2,1359,1
1359_2,migrant,no return,5-4,5-13,,,1359,2
1368_1,migrant,,5-5,5-13,11-7,11-25,1368,1
1368_2,migrant,no return,5-15,5-19,,,1368,2
137_1,migrant,,6-18,6-19,8-3,8-4,137,1
137_2,migrant,,4-9,6-17,7-27,7-30,137,2
1379_1,migrant,,5-3,5-6,10-29,11-12,1379,1
1379_2,migrant,,5-2,5-19,11-7,11-26,1379,2
139_1,migrant,,6-18,6-21,9-18,9-23,139,1
139_2,migrant,,6-26,6-27,9-22,10-2,139,2
14_1,migrant,,6-20,8-13,9-27,11-25,14,1
14_2,migrant,no return,6-3,6-13,,,14,2
140_1,migrant,,4-21,6-4,10-30,12-11,140,1
140_2,migrant,,4-30,5-27,10-4,12-21,140,2
1406_1,migrant,,7-3,7-7,11-15,11-23,1406,1
1406_2,migrant,,6-9,6-11,9-22,9-24,1406,2
1409_1,resident,,,,,,1409,1
1409_2,migrant,no return,4-23,4-25,,,1409,2
143_1,migrant,disperser,4-25,6-20,10-29,12-2,143,1
143_2,migrant,2 yr mig?,4-14,5-1,,,143,2
145_1,migrant,disperser,4-14,5-17,11-18,11-28,145,1
145_2,migrant,2 yr mig?,4-26,5-11,11-16,12-1,145,2
146_1,migrant,,4-25,6-15,11-6,11-19,146,1
146_2,migrant,,5-17,5-25,10-6,10-8,146,2
1463_1,migrant,,4-11,6-26,10-29,10-31,1463,1
1463_2,migrant,,5-3,5-18,9-4,9-16,1463,2
1463_3,migrant,,5-14,5-29,9-16,9-20,1463,3
1463_4,migrant,,5-21,6-5,8-16,8-29,1463,4
1463_5,migrant,,5-23,6-2,7-26,9-8,1463,5
1467_1,migrant,,4-22,4-26,11-25,12-15,1467,1
1467_2,migrant,,4-27,4-30,9-27,10-8,1467,2
1467_3,migrant,,4-15,4-24,10-25,10-28,1467,3
1467_4,migrant,,4-14,4-18,10-4,10-10,1467,4
1468_1,migrant,,6-15,6-16,12-2,1-10,1468,1
1468_2,migrant,,4-27,5-9,11-24,1-6,1468,2
1468_3,migrant,,4-30,5-11,1-6,1-13,1468,3
1468_4,migrant,no return,4-30,5-16,,,1468,4
147_1,migrant,,5-8,6-14,11-13,12-3,147,1
147_2,migrant,,5-8,6-9,10-9,10-23,147,2
1472_1,migrant,,4-17,5-5,12-5,1-10,1472,1
1472_2,migrant,,4-14,4-22,11-20,1-6,1472,2
1472_3,migrant,,3-20,4-8,1-8,1-10,1472,3
1472_4,migrant,,4-8,4-13,12-17,12-24,1472,4
1472_5,migrant,,3-11,5-2,11-26,11-28,1472,5
1474_1,migrant,,5-22,5-28,11-29,12-5,1474,1
1474_2,migrant,,4-21,4-22,11-23,11-27,1474,2
1474_3,migrant,,4-25,4-29,1-1,1-18,1474,3
1474_4,migrant,,4-21,5-4,12-17,12-18,1474,4
1474_5,migrant,no return,3-31,4-1,,,1474,5
1476_1,migrant,,5-23,7-22,11-18,2-7,1476,1
1476_2,migrant,,4-16,5-11,11-9,12-27,1476,2
1476_3,migrant,,4-26,5-18,11-15,1-10,1476,3
1476_4,migrant,,4-20,5-12,11-10,12-24,1476,4
1476_5,migrant,,3-15,5-2,11-4,12-1,1476,5
148_1,migrant,,4-21,6-3,9-16,10-22,148,1
148_2,migrant,,5-27,6-11,10-2,10-14,148,2
1482_1,migrant,,4-1,5-25,11-25,2-12,1482,1
1482_2,migrant,,3-25,4-24,12-3,12-18,1482,2
1483_1,migrant,,4-28,4-29,10-24,10-29,1483,1
1483_2,migrant,no return,4-20,5-7,,,1483,2
1485_1,migrant,,5-4,6-4,9-14,9-27,1485,1
1485_2,migrant,,5-18,6-2,8-22,9-24,1485,2
1485_3,migrant,no return,5-21,6-7,,,1485,3
1487_1,migrant,,5-13,5-15,10-20,10-22,1487,1
1487_2,migrant,,5-23,5-26,10-3,10-5,1487,2
1487_3,migrant,,5-16,5-17,9-20,10-3,1487,3
1487_4,migrant,,5-29,6-2,9-26,10-7,1487,4
149_1,migrant,,7-20,7-21,11-11,11-28,149,1
149_2,migrant,,7-12,7-18,10-6,11-12,149,2
149_3,disperser,,5-3,6-23,,,149,3
149_4,migrant,,7-5,7-12,10-9,10-12,149,4
1492_1,migrant,,4-13,4-19,11-6,11-8,1492,1
1492_2,migrant,,4-19,4-26,10-17,11-28,1492,2
1492_3,migrant,,4-16,4-21,10-9,10-17,1492,3
1492_4,migrant,,5-3,5-15,10-12,10-18,1492,4
1493_1,migrant,,5-2,5-3,10-11,10-19,1493,1
1493_2,migrant,,4-21,4-22,10-26,11-1,1493,2
1493_3,migrant,,5-5,5-7,10-3,10-8,1493,3
1493_4,migrant,,5-15,5-27,9-22,9-30,1493,4
1496_1,migrant,,5-2,5-4,10-13,10-14,1496,1
1496_2,migrant,,5-25,5-26,11-21,11-29,1496,2
1496_3,resident,,,,,,1496,3
1496_4,resident,,,,,,1496,4
1497_1,resident,,,,,,1497,1
1497_2,resident,,,,,,1497,2
1497_3,resident,,,,,,1497,3
1498_1,migrant,,4-28,5-5,10-13,10-16,1498,1
1498_2,migrant,,5-4,5-5,10-6,10-8,1498,2
1498_3,migrant,,5-8,5-25,10-5,10-9,1498,3
1498_4,migrant,,5-10,5-20,10-3,10-6,1498,4
1499_1,migrant,,5-21,5-23,9-4,9-10,1499,1
1499_2,migrant,,5-17,5-19,9-6,9-8,1499,2
150_1,migrant,,6-21,6-23,11-11,11-25,150,1
150_2,migrant,,6-8,6-19,7-25,7-26,150,2
1501_1,migrant,,5-26,5-27,8-16,8-19,1501,1
1501_2,migrant,,6-1,6-2,9-5,9-6,1501,2
1501_3,migrant,,5-30,5-31,9-25,9-27,1501,3
1501_4,migrant,,6-3,6-4,8-4,8-5,1501,4
1502_1,migrant,,3-27,4-12,11-4,12-3,1502,1
1502_2,migrant,,4-19,5-5,10-3,11-28,1502,2
1502_3,migrant,,4-23,5-17,11-3,11-12,1502,3
1502_4,migrant,no return,5-4,5-23,,,1502,4
1503_1,migrant,,5-1,5-3,10-13,10-15,1503,1
1503_2,migrant,,4-19,4-26,10-5,10-7,1503,2
1503_3,migrant,,5-27,6-2,10-1,10-4,1503,3
1503_4,migrant,,5-21,5-23,9-2,9-20,1503,4
1504_1,migrant,,7-21,7-24,8-22,8-26,1504,1
1504_2,migrant,,6-18,6-27,7-4,7-6,1504,2
1504_3,migrant,no return,7-3,7-9,,,1504,3
151_1,migrant,,6-19,6-25,8-15,9-1,151,1
151_2,migrant,,6-19,6-21,8-12,8-13,151,2
1510_1,migrant,,4-22,4-28,12-13,12-16,1510,1
1510_2,migrant,,7-16,7-17,9-19,9-20,1510,2
1512_1,migrant,,6-8,7-8,12-15,12-16,1512,1
1512_2,migrant,,5-28,5-29,11-29,11-30,1512,2
1516_1,migrant,,4-22,5-10,11-14,12-16,1516,1
1516_2,migrant,,5-1,5-19,9-4,12-8,1516,2
1517_1,migrant,,4-23,4-25,12-13,12-16,1517,1
1517_2,migrant,,5-1,5-4,12-2,12-7,1517,2
152_1,migrant,,5-24,6-4,9-18,10-17,152,1
152_2,migrant,,5-16,5-28,10-7,10-15,152,2
1520_1,migrant,,4-22,5-25,11-14,12-9,1520,1
1520_2,migrant,,4-17,4-23,12-3,12-7,1520,2
153_1,migrant,,4-25,6-24,9-11,11-26,153,1
153_2,migrant,,6-2,6-15,10-7,11-3,153,2
1530_3,migrant,,4-8,5-4,12-21,12-29,1530,3
1530_4,migrant,no return,3-13,4-12,,,1530,4
1537_1,migrant,,3-29,4-11,11-11,1-15,1537,1
1537_2,migrant,,4-1,4-28,11-12,1-25,1537,2
1537_3,migrant,,4-5,5-17,12-4,12-23,1537,3
1537_4,migrant,no return,3-19,4-21,,,1537,4
1539_2,migrant,,4-12,6-21,11-19,1-6,1539,2
1539_3,migrant,,4-9,5-3,11-23,12-3,1539,3
1539_4,migrant,,4-21,5-27,11-6,11-28,1539,4
1539_5,migrant,,4-18,5-21,12-4,1-2,1539,5
1549_1,migrant,,3-25,6-1,12-7,1-7,1549,1
1549_2,migrant,,4-1,5-21,11-12,12-27,1549,2
1549_3,migrant,,4-15,5-23,11-24,12-16,1549,3
1549_4,migrant,,3-13,4-30,11-7,11-16,1549,4
1558_1,resident,,,,,,1558,1
1558_2,migrant,,4-17,4-18,11-6,11-8,1558,2
1558_3,migrant,,5-8,5-31,10-19,10-27,1558,3
1560_1,migrant,,5-26,6-15,10-8,10-25,1560,1
1560_2,migrant,,5-26,6-4,10-28,11-17,1560,2
1560_3,migrant,,5-20,6-17,10-5,10-26,1560,3
1561_2,migrant,,6-7,7-1,10-4,10-16,1561,2
1561_3,migrant,,7-21,7-24,10-2,10-29,1561,3
1563_1,migrant,,5-22,5-23,11-30,12-3,1563,1
1563_2,migrant,,3-30,5-21,11-13,12-3,1563,2
1563_3,migrant,,04-26,05-20,11-03,12-02,1563,3
1565_1,migrant,,5-26,6-30,11-10,12-28,1565,1
1565_2,migrant,,8-1,8-7,1-14,1-19,1565,2
1565_3,migrant,,7-25,8-1,9-9,9-11,1565,3
1566_1,migrant,,5-28,6-23,11-11,1-7,1566,1
1566_2,migrant,,5-12,6-30,9-22,1-30,1566,2
1566_3,migrant,,5-21,7-4,11-22,12-6,1566,3
1567_2,migrant,,6-8,6-26,10-23,1-4,1567,2
1567_3,migrant,,05-19,05-25,12-15,12-30,1567,3
1568_1,migrant,,6-26,8-12,10-3,10-18,1568,1
1568_2,migrant,,6-20,7-6,11-6,11-29,1568,2
1568_3,migrant,,06-18,07-06,10-19,11-06,1568,3
1569_2,migrant,,06-13,06-25,11-04,11-26,1569,2
1569_3,migrant,no return,5-22,5-27,,,1569,3
16_1,migrant,,8-9,8-10,9-10,9-11,16,1
16_2,migrant,,7-13,7-16,9-26,9-28,16,2
1605_1,migrant,,7-27,7-29,11-21,11-22,1605,1
1605_2,migrant,no return,8-12,8-14,,,1605,2
1609_2,migrant,,6-30,7-1,1-10,1-16,1609,2
1609_3,migrant,no return,6-27,6-28,,,1609,3
1674_1,migrant,,05-16,05-24,09-26,10-06,1674,1
1674_2,migrant,,6-27,7-3,9-27,9-30,1674,2
1691_1,migrant,,5-20,6-1,10-31,11-9,1691,1
1691_2,migrant,,5-25,6-7,9-28,10-3,1691,2
17_1,migrant,,05-04,05-26,10-20,11-02,17,1
17_2,migrant,no return,4-21,5-25,,,17,2
1713_1,disperser,,4-28,5-12,,,1713,1
1713_2,resident,,,,,,1713,2
1718_1,migrant,,5-3,5-18,10-8,11-20,1718,1
1718_2,migrant,no return,03-24,07-15,,,1718,2
172_1,migrant,,04-19,07-06,08-30,11-16,172,1
172_2,migrant,no return,3-26,6-24,,,172,2
1720_1,migrant,,3-23,6-13,8-21,1-9,1720,1
1720_2,migrant,,05-29,06-28,09-29,10-10,1720,2
1721_1,migrant,,5-21,6-28,3-14,3-29,1721,1
1721_2,migrant,,6-27,6-30,12-18,12-29,1721,2
173_1,migrant,,6-26,6-27,9-28,11-17,173,1
173_2,migrant,,07-11,07-13,10-15,10-23,173,2
174_1,migrant,,7-6,7-7,9-6,9-9,174,1
174_2,migrant,,06-26,06-27,08-27,10-05,174,2
177_1,migrant,,6-25,6-30,9-2,9-25,177,1
177_2,migrant,,07-02,07-05,09-15,10-15,177,2
1771_1,migrant,,7-6,7-8,11-4,11-8,1771,1
1771_2,migrant,,6-4,6-7,10-30,11-9,1771,2
1771_3,migrant,,06-28,07-03,10-21,01-03,1771,3
1772_2,migrant,,4-27,6-8,10-30,11-20,1772,2
1772_3,migrant,,05-08,06-26,10-12,12-02,1772,3
1773_2,migrant,,5-1,5-17,11-7,11-11,1773,2
1773_3,migrant,,04-28,05-15,09-27,12-19,1773,3
1775_1,migrant,,4-20,5-6,3-10,3-25,1775,1
1775_2,migrant,,05-12,05-14,12-05,12-21,1775,2
1776_1,migrant,,4-30,6-15,10-14,1-24,1776,1
1776_2,migrant,,05-29,06-02,11-19,01-05,1776,2
1777_1,migrant,,4-23,5-5,8-1,10-18,1777,1
1777_2,migrant,,03-14,05-08,10-24,12-15,1777,2
1778_1,migrant,,4-6,5-25,10-10,11-27,1778,1
1778_2,migrant,,04-13,05-25,10-22,10-31,1778,2
184_1,migrant,,4-17,7-19,10-1,11-17,184,1
184_2,migrant,,04-16,6-31,09-26,11-07,184,2
186_1,migrant,,4-15,6-3,10-20,11-17,186,1
186_2,migrant,,03-17,04-27,11-16,11-27,186,2
187_1,migrant,,5-7,5-9,11-10,11-24,187,1
187_2,migrant,,04-13,04-19,10-05,10-12,187,2
188_1,migrant,,4-17,5-16,9-19,11-23,188,1
188_2,migrant,,3-15,05-01,9-9,10-10,188,2
19_1,migrant,,05-30,06-26,10-22,10-30,19,1
19_2,migrant,no return,6-2,6-17,,,19,2
190_1,migrant,,3-18,3-28,11-22,12-1,190,1
190_2,migrant,,04-09,04-11,11-29,12-07,190,2
20_1,disperser,,05-30,06-18,10-22,12-17,20,1
20_2,migrant,no return,5-1,6-1,,,20,2
21_1,migrant,LDM to R,08-19,08-27,10-02,10-16,21,1
21_2,resident,,,,,,21,2
210_1,migrant,,05-01,05-05,11-21,12-04,210,1
210_2,migrant,no return,4-9,6-12,,,210,2
211_1,migrant,,4-17,4-19,11-29,12-3,211,1
211_2,migrant,,4-11,4-13,12-3,12-4,211,2
212_1,migrant,,6-23,7-17,10-23,11-19,212,1
212_2,migrant,,06-25,06-30,10-26,10-31,212,2
215_1,migrant,,5-31,6-11,11-16,11-19,215,1
215_2,migrant,,06-19,07-06,10-25,11-06,215,2
217_1,migrant,,5-26,5-30,11-18,11-24,217,1
217_2,migrant,,06-06,06-07,10-23,10-29,217,2
218_1,resident,,,,,,218,1
218_2,resident,,,,,,218,2
22_1,migrant,,04-13,05-14,10-26,11-21,22,1
22_2,migrant,no return,5-4,5-16,,,22,2
223_1,migrant,,05-05,06-29,07-26,11-14,223,1
223_2,migrant,no return,5-28,6-25,,,223,2
224_1,migrant,,05-15,06-06,10-12,10-18,224,1
224_2,migrant,,5-24,6-1,10-25,11-3,224,2
227_1,migrant,,05-02,05-04,01-08,01-21,227,1
227_2,migrant,no return,4-30,5-3,,,227,2
24_1,migrant,,7-18,7-22,12-21,12-26,24,1
24_2,migrant,no return,6-13,7-10,,,24,2
26_1,migrant,,06-26,07-04,09-27,10-14,26,1
26_2,migrant,no return,6-25,8-14,,,26,2
265_1,migrant,,05-14,06-04,11-01,11-13,265,1
265_2,migrant,no return,3-21,4-21,,,265,2
266_1,resident,,,,,,266,1
266_2,resident,,,,,,266,2
266_3,migrant,,4-22,5-2,9-2,9-7,266,3
27_1,migrant,,06-18,07-07,12-15,12-27,27,1
27_2,migrant,no return,6-4,6-17,,,27,2
278_1,migrant,,5-19,5-30,12-8,12-9,278,1
278_2,migrant,,05-14,06-26,10-20,10-28,278,2
279_1,migrant,,7-3,7-5,11-6,12-16,279,1
279_2,migrant,,05-24,05-27,08-30,09-02,279,2
280_1,migrant,,5-24,5-27,11-30,12-2,280,1
280_2,migrant,,05-01,05-13,11-06,11-11,280,2
283_1,migrant,,5-14,6-3,10-30,11-8,283,1
283_2,migrant,,05-23,05-30,09-27,11-25,283,2
284_1,migrant,,06-28,07-01,10-28,11-05,284,1
284_2,migrant,no return,6-17,6-19,,,284,2
3_1,migrant,,05-13,06-06,10-10,11-23,3,1
3_2,migrant,no return,4-28,5-21,,,3,2
305_2,migrant,,4-27,5-7,12-7,12-14,305,2
305_3,migrant,,04-12,05-07,12-11,12-19,305,3
308_2,migrant,,5-12,5-16,12-8,12-14,308,2
308_3,migrant,,04-25,05-20,10-24,12-16,308,3
308_4,migrant,no return,5-5,5-28,,,308,4
311_2,migrant,,04-26,05-12,12-08,12-13,311,2
311_3,migrant,,5-8,5-14,11-6,11-7,311,3
312_2,migrant,,5-1,5-12,12-7,12-12,312,2
312_3,migrant,,05-01,05-08,12-09,12-18,312,3
312_4,migrant,no return,5-10,5-13,,,312,4
313_2,migrant,,4-26,5-12,12-7,12-17,313,2
313_3,migrant,,04-18,05-03,12-07,12-20,313,3
313_4,migrant,no return,4-11,4-28,,,313,4
314_2,migrant,,5-13,5-19,11-21,12-12,314,2
314_3,migrant,,05-08,05-12,12-02,12-23,314,3
314_4,migrant,no return,4-16,4-27,,,314,4
315_2,migrant,,04-17,05-16,12-07,12-14,315,2
315_3,migrant,,5-6,5-12,11-6,11-7,315,3
318_2,migrant,,4-19,5-13,11-6,12-3,318,2
318_3,migrant,,04-20,05-08,11-22,12-26,318,3
318_4,migrant,no return,4-11,5-8,,,318,4
319_2,migrant,,05-14,05-17,12-8,12-12,319,2
319_3,migrant,no return,5-8,5-11,,,319,3
32_1,migrant,,06-26,07-12,09-27,09-30,32,1
32_2,migrant,no return,5-29,6-13,,,32,2
321_2,migrant,,4-25,5-30,11-8,11-22,321,2
321_3,migrant,,05-07,05-19,10-24,12-24,321,3
322_2,migrant,,4-27,4-30,11-26,12-17,322,2
322_3,migrant,,4-17,5-2,12-14,12-21,322,3
322_4,migrant,no return,4-16,4-23,,,322,4
323_2,migrant,,4-25,5-20,11-26,12-18,323,2
323_3,migrant,,4-11,5-19,12-2,12-21,323,3
323_4,migrant,no return,4-5,4-29,,,323,4
325_2,migrant,,4-26,5-21,11-16,12-10,325,2
325_3,migrant,,04-25,05-20,11-02,12-28,325,3
325_4,migrant,no return,4-24,5-15,,,325,4
326_2,migrant,,4-24,5-4,11-21,12-17,326,2
326_3,migrant,,4-10,4-20,12-2,12-21,326,3
326_4,migrant,no return,4-5,4-28,,,326,4
328_2,migrant,,5-12,5-16,12-8,12-12,328,2
328_3,migrant,,05-01,05-15,12-09,12-15,328,3
328_4,migrant,no return,5-7,5-11,,,328,4
33_1,migrant,,05-26,06-07,10-17,11-26,33,1
33_2,migrant,no return,5-11,5-23,,,33,2
331_2,migrant,,05-16,05-30,12-08,12-14,331,2
331_3,migrant,,5-8,6-7,10-11,10-16,331,3
332_2,migrant,,4-27,5-19,11-27,12-17,332,2
332_3,migrant,,4-20,5-25,10-29,12-24,332,3
332_4,migrant,no return,4-8,5-24,,,332,4
333_2,migrant,,4-26,5-6,12-3,12-12,333,2
333_3,migrant,,04-10,05-08,12-06,12-20,333,3
333_4,migrant,no return,4-15,4-22,,,333,4
334_2,migrant,,5-14,5-17,12-2,12-17,334,2
334_3,migrant,,05-01,05-08,12-04,02-28,334,3
334_4,migrant,no return,5-26,5-28,,,334,4
335_2,migrant,,05-07,05-20,12-01,12-19,335,2
335_3,migrant,no return,5-8,5-17,,,335,3
34_1,migrant,,05-29,07-06,09-30,10-04,34,1
34_2,migrant,no return,5-13,5-27,,,34,2
343_1,migrant,,6-16,7-3,10-24,12-29,343,1
343_2,migrant,,06-02,07-02,10-29,11-26,343,2
346_1,migrant,,6-4,6-18,11-16,3-5,346,1
346_2,migrant,,04-17,06-24,11-14,11-29,346,2
347_1,migrant,,04-16,05-28,11-23,11-30,347,1
347_2,migrant,no return,6-15,7-18,,,347,2
348_1,migrant,,5-8,5-25,11-22,1-1,348,1
348_2,migrant,,4-10,5-23,11-30,12-9,348,2
348_3,migrant,,4-16,4-17,12-7,1-6,348,3
348_4,migrant,,03-22,04-06,12-03,02-01,348,4
349_1,migrant,,5-22,6-22,10-22,11-17,349,1
349_2,migrant,,04-26,05-01,11-08,11-16,349,2
350_1,migrant,,5-21,5-22,11-17,1-1,350,1
350_2,migrant,,03-30,06-05,11-08,01-29,350,2
351_1,migrant,,5-30,6-3,11-11,12-25,351,1
351_2,migrant,,03-02,06-23,10-26,11-06,351,2
352_1,migrant,,4-29,6-6,10-18,12-19,352,1
352_2,migrant,,03-16,06-19,11-03,11-28,352,2
353_1,migrant,,05-12,05-17,12-15,12-27,353,1
353_2,migrant,no return,3-22,7-2,,,353,2
355_1,migrant,,5-30,6-5,11-10,1-3,355,1
355_2,migrant,,06-02,06-28,10-08,11-29,355,2
356_1,migrant,,5-8,5-24,11-2,2-12,356,1
356_2,migrant,,06-01,06-05,11-2,11-28,356,2
36_1,migrant,,06-03,06-13,10-25,11-02,36,1
36_2,migrant,no return,3-24,5-19,,,36,2
376_1,migrant,,4-10,6-7,10-30,11-13,376,1
376_2,migrant,,04-30,06-05,10-14,11-18,376,2
388_1,migrant,,4-8,6-1,11-22,12-14,388,1
388_2,migrant,,5-29,6-3,7-16,7-22,388,2
389_1,migrant,,04-16,05-30,10-18,12-10,389,1
389_2,migrant,no return,4-9,5-29,,,389,2
39_1,migrant,,6-29,7-9,9-30,10-4,39,1
39_2,migrant,,5-1,5-3,7-12,7-22,39,2
397_1,migrant,,04-09,05-25,09-29,12-20,397,1
397_2,migrant,,4-22,5-27,10-27,11-13,397,2
4_1,migrant,,6-28,7-7,9-25,10-3,4,1
4_2,migrant,no return,7-21,7-31,,,4,2
40_1,migrant,,07-09,07-16,12-25,12-28,40,1
40_2,migrant,,7-21,7-31,,,40,2
402_1,migrant,,5-2,6-1,10-19,11-16,402,1
402_2,migrant,,05-26,06-02,09-14,12-07,402,2
41_1,migrant,,04-23,06-01,10-23,12-21,41,1
41_2,migrant,no return,3-13,6-4,,,41,2
42_1,migrant,,05-13,06-12,10-29,01-28,42,1
42_2,migrant,no return,5-10,6-2,,,42,2
43_1,migrant,,05-11,05-31,09-13,11-24,43,1
43_2,migrant,no return,5-4,5-23,,,43,2
44_1,migrant,,05-30,06-13,10-22,10-28,44,1
44_2,migrant,no return,5-8,6-21,,,44,2
45_1,migrant,,05-06,06-02,10-11,11-03,45,1
45_2,migrant,no return,5-10,6-2,,,45,2
451_1,migrant,,4-10,4-20,12-17,12-22,451,1
451_2,migrant,,04-01,04-10,11-14,11-19,451,2
452_1,migrant,,4-4,4-10,11-9,11-19,452,1
452_2,migrant,,05-01,06-01,10-23,11-04,452,2
453_1,migrant,,05-08,06-05,11-10,12-19,453,1
453_2,migrant,,5-10,5-28,10-27,11-18,453,2
454_1,migrant,,4-16,4-24,12-19,12-24,454,1
454_2,migrant,,3-30,4-14,11-16,11-19,454,2
454_3,migrant,,4-18,4-22,12-4,12-22,454,3
454_4,migrant,,03-30,04-03,12-06,12-21,454,4
455_1,migrant,,5-8,5-12,12-12,1-11,455,1
455_2,migrant,,04-12,04-27,11-15,11-21,455,2
456_1,migrant,,05-07,05-16,11-14,11-20,456,1
456_2,migrant,,4-26,4-27,11-16,11-20,456,2
457_1,migrant,,05-08,05-11,11-29,12-17,457,1
457_2,migrant,no return,5-1,5-27,,,457,2
46_1,migrant,,06-26,07-21,10-03,10-24,46,1
46_2,migrant,no return,6-19,7-15,,,46,2
460_2,migrant,,04-10,04-14,11-14,11-22,460,2
460_3,migrant,no return,4-15,4-23,,,460,3
465_1,migrant,,04-29,05-16,10-26,11-17,465,1
465_2,migrant,no return,5-13,6-16,,,465,2
466_1,migrant,,04-14,04-25,11-25,11-27,466,1
466_2,migrant,,5-12,6-3,11-6,11-24,466,2
468_1,migrant,,5-10,5-13,10-19,11-18,468,1
468_2,migrant,,5-19,5-30,12-19,12-22,468,2
468_3,migrant,,4-26,5-20,11-28,12-20,468,3
468_4,migrant,,5-16,5-23,10-31,11-22,468,4
468_5,migrant,,05-02,05-27,11-19,11-23,468,5
470_2,migrant,,4-27,4-30,11-26,12-17,470,2
470_3,migrant,,4-30,5-23,11-11,12-21,470,3
470_4,migrant,,4-15,4-18,11-13,11-21,470,4
470_5,migrant,,4-23,6-6,10-27,12-16,470,5
470_6,migrant,no return,4-2,4-26,,,470,6
478_1,migrant,,5-3,6-12,10-11,11-16,478,1
478_2,migrant,,4-21,5-17,10-12,12-10,478,2
478_3,migrant,,05-01,05-14,10-14,12-04,478,3
479_1,migrant,,4-19,4-23,11-29,12-6,479,1
479_2,migrant,no return,3-31,4-5,,,479,2
48_1,migrant,,6-7,7-8,11-19,11-28,48,1
48_2,migrant,no return,6-7,7-13,,,48,2
49_1,migrant,,08-10,08-14,09-18,10-30,49,1
49_2,migrant,no return,5-9,5-27,,,49,2
5_1,migrant,,05-31,06-11,10-21,11-27,5,1
5_2,migrant,no return,5-14,6-18,,,5,2
50_1,migrant,,07-16,07-29,10-05,10-11,50,1
50_2,migrant,no return,7-1,7-14,,,50,2
51_1,disperser,,05-31,06-05,,,51,1
51_2,resident,,,,,,51,2
52_1,migrant,,07-18,08-11,10-21,11-06,52,1
52_2,migrant,no return,6-10,6-20,,,52,2
53_1,migrant,,4-25,4-26,10-15,10-20,53,1
53_2,migrant,no return,4-8,4-17,,,53,2
531_1,migrant,,4-18,5-22,10-12,12-29,531,1
531_2,migrant,,04-24,05-30,10-23,12-03,531,2
532_1,migrant,,5-20,5-29,10-3,12-13,532,1
532_2,migrant,,5-26,6-7,10-26,11-28,532,2
533_1,migrant,,3-23,3-26,10-14,12-22,533,1
533_2,migrant,,03-30,04-15,10-24,12-10,533,2
534_1,resident,,,,,,534,1
534_2,resident,,,,,,534,2
535_1,migrant,,5-20,5-21,12-18,12-22,535,1
535_2,migrant,,6-3,6-5,11-19,11-29,535,2
539_1,migrant,,3-12,3-29,12-7,12-12,539,1
539_2,migrant,,4-13,4-26,10-23,10-29,539,2
54_1,migrant,,05-06,05-14,10-29,12-09,54,1
54_2,migrant,no return,4-22,5-17,,,54,2
540_1,migrant,,4-19,6-1,9-22,2-19,540,1
540_2,migrant,,03-30,06-08,10-26,12-6,540,2
542_1,migrant,,5-20,7-3,12-18,12-22,542,1
542_2,migrant,,5-24,6-27,10-27,11-27,542,2
544_1,migrant,,7-11,7-12,12-18,12-23,544,1
544_2,migrant,,5-24,6-7,10-13,12-8,544,2
547_1,migrant,,04-13,04-28,12-02,12-07,547,1
547_2,migrant,no return,6-7,6-28,,,547,2
548_1,migrant,,04-23,05-27,11-17,12-30,548,1
548_2,migrant,no return,5-17,5-21,,,548,2
549_1,migrant,,3-12,4-5,12-5,12-12,549,1
549_2,migrant,,4-12,4-18,11-24,1-16,549,2
55_1,migrant,,05-31,06-05,10-03,10-30,55,1
55_2,migrant,no return,5-17,5-23,,,55,2
550_1,migrant,,04-21,05-13,10-30,12-18,550,1
550_2,migrant,no return,4-15,6-24,,,550,2
553_1,migrant,,04-21,05-24,10-07,10-06,553,1
553_2,migrant,no return,5-19,6-13,,,553,2
555_1,migrant,,4-21,7-23,12-18,1-3,555,1
555_2,migrant,,04-17,06-06,10-29,01-07,555,2
556_1,migrant,,3-23,3-26,12-24,1-14,556,1
556_2,migrant,,4-12,4-22,11-24,11-27,556,2
558_1,migrant,,4-11,4-20,11-20,12-8,558,1
558_2,migrant,,04-17,04-19,11-13,12-06,558,2
56_1,migrant,,07-19,08-16,10-31,12-28,56,1
56_2,migrant,no return,3-30,8-30,,,56,2
560_1,migrant,,5-21,5-23,10-24,10-30,560,1
560_2,migrant,,05-27,05-29,10-26,10-30,560,2
561_1,migrant,,6-1,6-2,10-28,12-13,561,1
561_2,migrant,,6-9,6-13,10-26,11-27,561,2
562_1,migrant,,05-28,05-30,12-07,12-12,562,1
562_2,migrant,no return,6-15,6-16,,,562,2
564_1,migrant,,4-20,4-29,12-17,12-25,564,1
564_2,migrant,,03-28,05-22,11-15,12-18,564,2
565_1,disperser,,04-19,05-29,10-15,12-19,565,1
565_2,migrant,no return,4-16,6-24,,,565,2
573_1,migrant,,5-8,5-11,10-18,1-7,573,1
573_2,migrant,,05-15,05-18,10-03,12-06,573,2
575_1,migrant,,5-14,5-16,11-14,11-24,575,1
575_2,migrant,,5-15,5-16,11-18,12-8,575,2
578_1,migrant,,5-13,5-23,10-23,11-19,578,1
578_2,migrant,,5-17,5-28,10-23,12-6,578,2
581_1,migrant,,05-15,06-14,10-17,11-21,581,1
581_2,migrant,no return,6-2,6-3,,,581,2
582_1,migrant,,3-17,3-26,12-11,1-9,582,1
582_2,migrant,,5-24,5-27,2-2,2-6,582,2
583_1,migrant,,5-20,5-21,10-24,12-22,583,1
583_2,migrant,,03-11,05-13,10-20,12-18,583,2
586_1,migrant,,3-14,6-7,2-17,2-19,586,1
586_2,migrant,,4-22,6-26,10-17,1-17,586,2
588_1,migrant,,04-24,07-03,08-22,11-06,588,1
588_2,migrant,,5-12,6-3,10-17,10-25,588,2
59_1,migrant,,05-14,06-06,10-22,10-28,59,1
59_2,migrant,no return,5-13,5-22,,,59,2
591_1,migrant,,5-14,6-25,10-23,11-8,591,1
591_2,migrant,,05-10,06-11,10-20,10-22,591,2
592_1,migrant,,4-13,6-26,10-23,11-21,592,1
592_2,migrant,,05-05,05-15,12-03,12-13,592,2
593_1,migrant,,3-31,6-4,12-3,12-15,593,1
593_2,migrant,,4-18,5-29,11-18,1-19,593,2
594_1,migrant,,3-26,6-26,10-23,12-30,594,1
594_2,migrant,,03-13,06-26,11-16,11-19,594,2
596_1,migrant,,6-25,6-27,10-20,12-15,596,1
596_2,migrant,,05-05,05-25,11-10,11-25,596,2
597_1,migrant,,5-30,6-6,10-18,11-13,597,1
597_2,migrant,,06-25,07-02,11-09,11-22,597,2
598_1,migrant,,3-4,4-24,10-24,12-21,598,1
598_2,migrant,,05-01,05-13,10-18,12-13,598,2
599_1,migrant,,3-4,5-15,11-16,12-6,599,1
599_2,migrant,,04-26,06-05,11-22,12-12,599,2
6_1,migrant,,06-29,07-21,10-11,10-28,6,1
6_2,migrant,no return,5-2,6-14,,,6,2
60_1,migrant,,07-08,07-15,10-29,11-03,60,1
60_2,migrant,no return,5-23,7-8,,,60,2
602_1,migrant,,03-31,04-24,11-9,11-22,602,1
602_2,migrant,no return,3-12,5-20,,,602,2
604_1,migrant,,3-10,4-1,12-13,12-30,604,1
604_2,migrant,,03-12,06-12,10-06,10-10,604,2
605_1,migrant,,4-16,4-24,11-5,11-21,605,1
605_2,migrant,,03-13,05-21,12-6,12-12,605,2
606_1,migrant,,4-29,5-11,11-6,12-22,606,1
606_2,migrant,,04-27,05-18,11-23,01-17,606,2
607_1,migrant,,3-14,5-17,10-23,12-15,607,1
607_2,migrant,,04-28,05-20,10-17,12-12,607,2
637_1,migrant,,6-29,7-13,10-26,11-15,637,1
637_2,migrant,,06-07,06-17,11-08,12-24,637,2
638_1,migrant,,5-20,6-27,10-27,11-29,638,1
638_2,migrant,,05-20,05-28,10-28,11-23,638,2
639_1,migrant,,4-30,6-25,10-22,12-3,639,1
639_2,migrant,,05-04,06-12,10-24,11-24,639,2
641_1,migrant,,4-24,5-30,11-18,11-22,641,1
641_2,migrant,,04-28,06-12,11-28,12-13,641,2
653_1,migrant,,4-7,5-11,12-15,1-5,653,1
653_2,migrant,,03-11,04-18,11-21,12-09,653,2
657_1,disperser,,4-17,5-24,10-29,11-23,657,1
657_2,migrant,,5-5,6-4,11-20,12-1,657,2
657_3,migrant,,03-24,05-01,11-09,12-09,657,3
658_1,migrant,,05-03,07-03,11-18,11-29,658,1
658_2,migrant,no return,3-23,6-3,,,658,2
675_1,migrant,,5-3,6-9,11-12,11-23,675,1
675_2,migrant,,5-30,6-2,11-6,12-10,675,2
676_1,migrant,,6-7,6-13,11-10,12-25,676,1
676_2,migrant,no return,4-11,6-23,,,676,2
677_1,migrant,,4-18,4-22,11-10,12-16,677,1
677_2,migrant,no return,4-7,6-18,,,677,2
678_1,migrant,,5-24,5-25,11-11,1-10,678,1
678_2,migrant,no return,5-8,6-5,,,678,2
679_1,migrant,,6-8,6-9,11-12,12-24,679,1
679_2,migrant,no return,4-11,6-24,,,679,2
680_1,migrant,,5-5,5-22,11-9,12-9,680,1
680_2,migrant,no return,4-11,6-23,,,680,2
681_1,migrant,,6-1,6-3,11-12,2-1,681,1
681_2,migrant,no return,4-11,6-3,,,681,2
682_1,disperser,,4-19,4-22,10-2,1-31,682,1
682_2,disperser,,04-25,05-22,,,682,2
683_1,migrant,,6-5,6-9,11-14,11-22,683,1
683_2,migrant,no return,4-14,6-25,,,683,2
685_1,migrant,,6-12,6-25,10-21,11-1,685,1
685_2,migrant,,04-29,06-28,10-27,11-07,685,2
686_1,resident,,,,,,686,1
686_2,migrant,no return,4-29,5-7,,,686,2
687_1,migrant,,7-10,7-12,10-25,10-26,687,1
687_2,migrant,,6-21,6-27,10-30,11-4,687,2
688_1,migrant,,5-23,5-29,10-25,11-19,688,1
688_2,migrant,,5-29,6-26,11-2,11-6,688,2
689_1,resident,,,,,,689,1
689_2,resident,,,,,,689,2
691_1,migrant,,6-21,6-23,10-19,10-31,691,1
691_2,migrant,,7-5,7-7,11-6,11-7,691,2
692_1,resident,,,,,,692,1
692_2,resident,,,,,,692,2
697_1,migrant,,4-21,5-17,11-12,12-19,697,1
697_2,migrant,,05-04,05-23,01-25,01-31,697,2
698_1,migrant,,4-21,6-4,10-30,12-23,698,1
698_2,migrant,,05-01,05-27,10-07,12-16,698,2
7_1,migrant,,07-07,07-09,9-29,11-28,7,1
7_2,migrant,,7-1,7-3,9-10,9-11,7,2
701_2,migrant,,05-02,06-03,11-17,11-23,701,2
701_3,migrant,no return,4-13,5-24,,,701,3
702_2,migrant,,4-30,6-6,11-12,12-8,702,2
702_3,migrant,,04-15,05-12,11-05,12-23,702,3
707_2,migrant,,4-29,06-01,11-13,11-29,707,2
707_3,migrant,no return,4-15,5-19,,,707,3
710_1,migrant,,4-1,5-22,11-3,11-27,710,1
710_2,migrant,,5-6,5-29,10-5,12-17,710,2
710_3,disperser,,05-12,05-31,11-08,11-27,710,3
711_1,migrant,,6-14,6-22,11-24,12-27,711,1
711_2,migrant,,5-1,5-25,11-29,12-18,711,2
711_3,migrant,,6-25,7-7,11-3,2-23,711,3
712_2,migrant,,4-4,5-4,12-2,12-20,712,2
712_3,migrant,,04-24,05-28,11-07,11-12,712,3
714_1,migrant,,4-24,6-16,10-21,12-23,714,1
714_2,migrant,,5-9,6-6,10-2,1-14,714,2
714_3,migrant,,05-01,05-16,11-06,12-27,714,3
715_1,migrant,,5-25,5-31,10-15,12-2,715,1
715_2,migrant,,5-3,6-3,10-6,12-8,715,2
715_3,migrant,,04-23,05-31,09-24,12-22,715,3
716_1,migrant,,5-21,6-3,11-20,12-13,716,1
716_2,migrant,,4-29,5-22,11-22,12-23,716,2
716_3,migrant,,05-17,05-24,11-03,11-05,716,3
717_1,migrant,,4-9,5-16,11-1,11-29,717,1
717_2,migrant,,5-3,5-20,12-7,3-9,717,2
717_3,migrant,,05-16,06-20,11-04,11-21,717,3
718_1,migrant,,5-3,7-4,11-1,12-1,718,1
718_2,migrant,,5-18,6-12,10-5,12-17,718,2
718_3,migrant,,05-12,06-19,10-16,12-31,718,3
719_1,migrant,,5-21,5-30,10-29,11-26,719,1
719_2,migrant,,5-16,5-19,11-30,12-18,719,2
719_3,disperser,,05-12,06-02,08-06,11-17,719,3
720_1,migrant,,4-29,5-16,10-22,12-3,720,1
720_2,migrant,,4-20,5-16,10-10,12-7,720,2
720_3,migrant,,05-02,06-05,10-26,11-08,720,3
721_1,migrant,,4-29,5-30,10-28,11-27,721,1
721_2,migrant,,5-2,6-6,9-25,12-7,721,2
721_3,migrant,,05-11,06-24,09-22,11-07,721,3
722_1,migrant,,4-22,5-20,10-23,12-30,722,1
722_2,migrant,,5-3,5-13,10-7,12-17,722,2
722_3,migrant,,05-05,05-26,10-02,11-21,722,3
723_1,migrant,,5-15,5-16,11-20,12-17,723,1
723_2,migrant,,5-2,5-11,11-30,12-20,723,2
723_3,migrant,,4-30,6-1,11-3,11-10,723,3
724_1,migrant,,4-29,5-27,11-1,11-7,724,1
724_2,migrant,,4-3,5-4,12-5,1-16,724,2
724_3,migrant,,04-15,06-04,11-18,01-14,724,3
726_1,migrant,,6-15,6-23,12-7,12-15,726,1
726_2,migrant,,5-15,5-22,12-11,12-17,726,2
726_3,migrant,,06-19,07-08,10-18,11-05,726,3
727_1,resident,,,,,,727,1
727_2,resident,,,,,,727,2
727_3,migrant,,5-1,5-27,10-1,10-30,727,3
728_1,migrant,,5-11,5-31,11-6,11-12,728,1
728_2,disperser,,5-25,5-31,,,728,2
729_1,migrant,,3-2,3-9,11-19,11-25,729,1
729_2,migrant,,2-24,3-3,12-4,12-14,729,2
729_3,disperser,,1-15,3-4,10-8,12-16,729,3
730_1,migrant,,7-3,7-5,8-18,8-20,730,1
730_2,migrant,,7-20,7-27,9-25,10-9,730,2
730_3,migrant,,7-3,7-5,10-1,10-4,730,3
733_1,migrant,,6-24,6-29,10-26,11-18,733,1
733_2,migrant,,7-13,7-15,12-3,12-24,733,2
733_3,migrant,,07-10,07-11,10-03,10-11,733,3
734_1,migrant,,04-20,05-22,10-10,11-01,734,1
734_2,migrant,no return,7-7,8-2,,,734,2
736_2,migrant,,5-16,5-30,11-6,1-24,736,2
736_3,migrant,,05-06,06-03,10-29,12-08,736,3
737_1,resident,,,,,,737,1
737_2,resident,,,,,,737,2
737_3,migrant,R to LDM,7-9,7-27,9-29,10-13,737,3
739_1,migrant,,4-27,5-22,10-9,11-21,739,1
739_2,migrant,,5-16,6-30,10-10,11-2,739,2
739_3,migrant,,05-17,05-28,10-13,11-09,739,3
740_2,migrant,,4-27,6-29,10-11,1-11,740,2
740_3,migrant,,05-05,06-14,10-24,12-08,740,3
741_1,migrant,,5-9,5-13,10-6,10-7,741,1
741_2,migrant,,5-16,5-19,1-8,1-11,741,2
741_3,migrant,,06-14,06-21,01-12,01-17,741,3
743_1,migrant,,05-18,05-27,10-20,10-29,743,1
743_2,migrant,no return,8-14,8-20,,,743,2
747_1,migrant,,4-27,5-28,10-6,11-1,747,1
747_2,migrant,,5-28,7-6,10-10,12-19,747,2
747_3,migrant,,05-18,06-24,10-5,10-20,747,3
75_1,migrant,,5-23,7-1,10-15,11-17,75,1
75_2,migrant,,04-20,04-27,12-16,12-20,75,2
750_1,migrant,,3-6,5-6,12-6,12-26,750,1
750_2,migrant,,06-03,06-22,08-17,02-06,750,2
750_3,migrant,no return,4-20,4-22,,,750,3
751_1,resident,,,,,,751,1
751_2,migrant,,7-14,7-19,8-26,9-2,751,2
751_3,resident,,,,,,751,3
752_1,resident,,,,,,752,1
752_2,migrant,,3-7,3-19,12-3,12-5,752,2
752_3,migrant,no return,6-27,6-28,10-16,10-30,752,3
753_1,migrant,,8-3,8-8,11-19,11-25,753,1
753_2,migrant,,7-21,7-28,10-4,11-3,753,2
753_3,migrant,,2-24,3-6,10-21,11-18,753,3
755_1,disperser,,6-18,7-3,10-15,12-6,755,1
755_2,migrant,,06-09,07-07,10-19,10-24,755,2
756_1,resident,,,,,,756,1
756_2,resident,,,,,,756,2
756_3,resident,,,,,,756,3
757_1,resident,,,,,,757,1
757_2,resident,,,,,,757,2
758_1,migrant,,4-8,5-22,10-22,12-4,758,1
758_2,migrant,,5-18,6-22,11-9,12-27,758,2
758_3,migrant,,05-04,06-15,10-30,1-8,758,3
76_1,migrant,,4-9,4-30,11-7,11-11,76,1
76_2,migrant,,04-29,05-09,10-19,12-11,76,2
761_1,migrant,,3-24,5-16,10-21,11-28,761,1
761_2,migrant,,5-15,8-9,1-5,1-18,761,2
761_3,migrant,,05-18,05-29,10-8,12-28,761,3
762_1,migrant,,3-26,5-11,12-6,12-28,762,1
762_2,migrant,,06-03,06-22,08-17,02-06,762,2
763_1,migrant,,4-29,7-22,10-6,11-9,763,1
763_2,migrant,,6-20,7-7,10-11,2-8,763,2
763_3,migrant,,08-02,08-04,10-18,11-6,763,3
766_1,migrant,,6-26,7-2,8-18,9-7,766,1
766_2,migrant,,6-28,7-2,1-3,1-5,766,2
766_3,migrant,,6-27,7-1,12-2,1-26,766,3
767_2,migrant,,5-17,6-17,11-26,1-11,767,2
767_3,migrant,,6-11,6-16,12-18,12-30,767,3
768_1,migrant,,7-25,8-2,9-29,11-24,768,1
768_2,migrant,,7-7,7-22,1-10,3-19,768,2
768_3,migrant,,07-05,07-18,10-11,02-20,768,3
769_1,migrant,,5-17,6-17,1-8,1-11,769,1
769_2,migrant,,05-26,05-28,01-10,01-17,769,2
77_1,migrant,,4-1,4-24,10-25,11-12,77,1
77_2,migrant,,04-15,04-19,10-28,11-26,77,2
772_1,migrant,,5-17,7-3,10-10,2-21,772,1
772_2,migrant,,05-05,06-17,10-04,01-31,772,2
773_1,migrant,,4-18,5-19,12-24,2-11,773,1
773_2,migrant,,04-21,05-05,01-17,01-31,773,2
778_1,migrant,,6-2,6-6,1-4,1-23,778,1
778_2,migrant,,05-18,05-19,01-24,02-11,778,2
779_1,migrant,,5-20,6-1,10-31,11-10,779,1
779_2,migrant,,05-18,06-01,10-21,01-08,779,2
78_1,migrant,,4-8,5-23,11-2,12-14,78,1
78_2,migrant,,04-10,04-19,11-10,11-27,78,2
781_1,migrant,,7-14,7-17,11-30,12-18,781,1
781_2,migrant,,06-17,06-21,10-07,10-12,781,2
783_1,migrant,,7-21,7-24,10-6,10-14,783,1
783_2,migrant,,5-16,5-24,9-26,10-3,783,2
80_1,disperser,,3-29,4-2,10-4,10-20,80,1
80_2,migrant,,05-03,05-06,10-19,10-21,80,2
81_1,migrant,,05-22,06-01,10-09,11-06,81,1
81_2,migrant,no return,5-17,5-31,,,81,2
821_1,migrant,,04-26,05-03,11-13,11-19,821,1
821_2,migrant,,5-15,6-28,10-25,11-5,821,2
823_1,migrant,,05-24,06-03,11-04,11-18,823,1
823_2,migrant,,5-25,5-30,,,823,2
824_1,migrant,,05-23,05-24,10-11,10-15,824,1
824_2,migrant,no return,5-26,6-15,,,824,2
825_1,migrant,,04-14,04-28,11-05,11-18,825,1
825_2,migrant,,5-26,6-5,10-13,10-25,825,2
828_1,migrant,,05-19,05-22,10-25,11-01,828,1
828_2,migrant,,5-30,6-6,8-30,10-31,828,2
844_1,migrant,,4-14,4-22,11-20,1-5,844,1
844_2,migrant,,03-20,04-08,12-07,01-09,844,2
845_1,migrant,,4-10,5-6,11-24,1-6,845,1
845_2,migrant,,04-19,05-12,01-07,01-24,845,2
847_1,migrant,,4-22,4-26,11-21,12-15,847,1
847_2,migrant,,04-27,04-30,09-28,10-08,847,2
848_1,migrant,,4-1,5-14,11-12,12-30,848,1
848_2,migrant,,04-06,05-23,11-29,12-16,848,2
849_1,migrant,,4-8,6-21,11-18,1-16,849,1
849_2,migrant,,04-17,05-03,11-23,12-03,849,2
851_1,migrant,,4-1,4-27,1-22,1-26,851,1
851_2,migrant,,04-09,05-17,12-05,12-22,851,2
852_1,migrant,,5-25,6-3,9-18,10-18,852,1
852_2,migrant,,05-18,05-28,10-09,12-12,852,2
854_1,migrant,,05-25,06-02,11-13,12-03,854,1
854_2,migrant,,4-24,5-24,10-9,10-24,854,2
86_1,migrant,,4-29,5-21,10-31,11-3,86,1
86_2,migrant,,04-16,04-19,11-7,11-30,86,2
87_1,migrant,,3-25,4-26,11-5,11-12,87,1
87_2,migrant,,03-24,04-18,11-26,12-6,87,2
870_2,migrant,,3-24,4-13,11-14,11-19,870,2
870_3,migrant,,4-18,4-22,11-30,12-22,870,3
870_4,migrant,,3-30,4-5,12-8,12-18,870,4
876_2,migrant,,4-10,4-13,9-17,11-22,876,2
876_3,migrant,no return,4-17,4-23,,,876,3
878_2,migrant,,4-23,6-6,10-27,12-7,878,2
878_3,migrant,no return,4-1,4-10,,,878,3
886_2,migrant,,5-19,6-1,12-19,12-22,886,2
886_3,migrant,,4-25,5-19,11-28,12-20,886,3
886_4,migrant,,05-17,05-23,10-30,11-23,886,4
888_2,migrant,,4-21,5-17,10-12,12-10,888,2
888_3,migrant,,05-04,05-10,10-16,12-04,888,3
89_1,migrant,,4-29,5-3,11-3,11-7,89,1
89_2,migrant,,04-15,04-21,10-24,11-26,89,2
9_1,migrant,,05-30,06-19,10-23,11-06,9,1
9_2,migrant,no return,5-22,5-31,,,9,2
90_1,migrant,,5-7,5-29,11-2,11-6,90,1
90_2,migrant,,05-07,06-10,10-16,11-29,90,2
91_1,migrant,,4-8,4-21,12-16,12-20,91,1
91_2,migrant,no return,4-14,4-15,,,91,2
921_1,migrant,,4-17,5-20,11-7,1-2,921,1
921_2,migrant,,03-28,05-18,12-08,12-19,921,2
922_1,migrant,,5-19,6-8,11-20,12-8,922,1
922_2,migrant,,03-15,05-15,12-09,12-18,922,2
923_1,migrant,,4-23,5-15,1-15,2-21,923,1
923_2,migrant,no return,03-25,04-26,,,923,2
924_1,migrant,,4-11,5-14,11-4,12-10,924,1
924_2,migrant,,03-23,04-24,11-10,12-19,924,2
925_1,migrant,,04-02,05-27,10-08,12-4,925,1
925_2,migrant,no return,3-25,6-3,,,925,2
926_1,migrant,,05-02,05-07,01-15,01-19,926,1
926_2,migrant,,8-11,8-13,10-24,10-27,926,2
927_1,migrant,,4-3,5-15,11-7,11-12,927,1
927_2,migrant,,03-22,04-26,11-12,11-14,927,2
928_1,migrant,,4-13,5-15,11-8,12-28,928,1
928_2,migrant,no return,04-03,04-20,,,928,2
93_1,migrant,,4-6,4-28,10-22,11-12,93,1
93_2,migrant,,03-16,04-15,11-21,11-27,93,2
930_1,migrant,,4-21,5-12,11-19,1-10,930,1
930_2,migrant,,04-03,06-08,12-16,12-22,930,2
931_1,migrant,,4-20,5-13,11-8,1-11,931,1
931_2,migrant,,03-26,04-22,10-30,12-04,931,2
932_1,migrant,,04-24,05-12,11-10,12-29,932,1
932_2,migrant,no return,4-9,4-17,,,932,2
933_1,migrant,,5-1,5-29,11-2,12-13,933,1
933_2,migrant,,03-20,05-16,10-25,12-20,933,2
936_1,migrant,,04-14,05-16,11-22,12-30,936,1
936_2,migrant,no return,3-25,5-10,,,936,2
937_1,migrant,,04-06,05-13,12-04,12-29,937,1
937_2,migrant,no return,3-9,5-12,,,937,2
94_1,migrant,,4-7,5-2,10-30,11-10,94,1
94_2,migrant,,3-17,5-3,11-21,11-30,94,2
95_1,disperser,,10-15,10-17,,,95,1
95_2,disperser,,4-18,5-26,,,95,2
96_1,migrant,,3-23,4-23,11-7,12-13,96,1
96_2,migrant,,3-4,5-3,11-24,11-28,96,2
