switchID,period,meanDFP,varDFP,order
10_1-2,springMig,9.76344086021505,17.9651706404862,0.627080515322953
10_1-2,summer,77.0763052208836,1399.53850887421,-0.124478678578739
1132_1-2,springMig,16.6966292134831,38.8452993080683,-0.119732331031295
1132_1-2,summer,102.687647058824,4325.64869958107,0.15759292943558
1133_1-2,springMig,41.3653136531365,99.1067924012574,0.346252025151761
1133_1-2,summer,74.8613138686131,650.254954029277,-0.0348635372288655
1137_1-2,springMig,13.6862745098039,61.6964644125367,-0.245791531430676
1137_1-2,summer,102.549122807018,4603.77025961627,-0.239722907413875
1138_1-2,springMig,15.6186046511628,51.7417083242773,-0.0421412554391168
1138_1-2,summer,112.594894561598,4840.13563188782,-0.0565530984266527
1139_1-2,springMig,116.84,101.056666666667,-0.752737340282524
1139_1-2,summer,146.021978021978,176.473344836981,0.308143591327083
1142_1-2,springMig,6.97093023255814,20.0751733986128,0.0871357589351755
1142_1-2,summer,106.441101152369,3618.30178174633,-0.100665118704351
1143_1-2,springMig,3.65116279069767,9.9468438538206,0.391588829691376
1143_1-2,summer,121.308626198083,6182.28640252323,-0.28626875893075
1144_1-2,springMig,112.606060606061,16.4962121212121,-0.0129699055319459
1144_1-2,summer,139.929824561404,175.113996444857,-0.0544407977186719
1147_1-2,springMig,20.3448275862069,8.40532365396249,0.407633132023764
1147_1-2,summer,105.448867536033,3394.49206087324,0.292561430185151
1148_1-2,springMig,21.2843137254902,31.7896524946612,0.259440782463555
1148_1-2,summer,98.7756024096386,5021.86172490061,-0.121696088087147
1149_1-2,springMig,64.2432432432432,38.966966966967,0.822800502072211
1149_1-2,summer,130.25974025974,2100.46543428716,-0.550461503168243
1151_1-2,springMig,112.047619047619,23.3476190476191,-0.403042380262905
1151_1-2,summer,137.829896907217,191.385422787244,0.0234962628752448
1152_1-2,springMig,38.773127753304,245.270711166866,0.563417374219318
1152_1-2,summer,74.8792270531401,120.029032409362,-0.109126531240456
1153_1-2,springMig,13.2118959107807,55.6004549741996,-0.147445549545512
1153_1-2,summer,105.283538371412,3865.75191525688,0.129088537987592
1154_1-2,springMig,16.2574031890661,146.132222464921,0.0944536759060963
1154_1-2,summer,119.401396160558,4063.85042878301,0.348515421023564
1157_1-2,springMig,13.306,52.2809258517034,0.514823406000991
1157_1-2,summer,73.9702085402185,1884.9036841513,-0.0883937203784835
1159_1-2,springMig,116.974358974359,38.0782726045884,-0.766666282934564
1159_1-2,summer,163.716049382716,513.89626139685,0.306795253457733
1160_1-2,springMig,117.333333333333,19.6231884057971,-0.747415019302731
1160_1-2,summer,143.025089605735,176.887857455971,-0.336408211134462
1161_1-2,springMig,17.6233576642336,175.15325479148,0.436289285159476
1161_1-2,summer,80.4692230070636,1698.63920333507,0.100385741713361
1162_1-2,springMig,13.3461538461538,32.9366515837104,0.493445376104421
1162_1-2,summer,93.1373414230557,4530.09426158149,-0.25373980854012
1163_1-2,springMig,18.3840579710145,69.837417654809,0.504679640296647
1163_1-2,summer,111.306444541868,5740.92841897598,-0.0588536260773447
1164_1-2,springMig,14.6981132075472,40.5556154537287,0.637482640295243
1164_1-2,summer,132.94776119403,3300.73513314681,0.401162919044318
1165_1-2,springMig,18.8334687246141,76.6007000719885,0.717427968498581
1165_1-2,summer,64.5093729799612,1087.08025482819,-0.245621510964013
1166_1-2,springMig,7.3764404609475,43.8837519288224,0.61345921739287
1166_1-2,summer,51.3079132932881,1324.16300162675,0.506606678785726
1166_2-3,springMig,11.2839215686275,49.7230929294795,0.299809272722729
1166_2-3,summer,68.8417149478563,1748.36321078104,0.0213674916097667
1167_1-2,springMig,20.9328165374677,134.114645673508,0.817096345812534
1167_1-2,summer,97.0777153558052,2977.79822965487,-0.256099427224065
1169_3-4,springMig,44.3767123287671,462.774350495985,0.856197137819363
1169_3-4,summer,108.092280163599,1669.0150055896,0.0534748427048513
1170_1-2,springMig,9.12760736196319,84.6004039734101,0.33845673273035
1170_1-2,summer,27.3887240356083,1153.73832485516,0.235836954886881
1173_1-2,springMig,10.3534675615213,62.8917180857327,0.434870849345025
1173_1-2,summer,65.2434847356664,1566.50897256065,-0.0501913053233345
1173_2-3,springMig,15.8174139051332,82.0596185353332,-0.114143447121823
1173_2-3,summer,85.8035264483627,1771.17943785907,-0.36879537490649
1174_1-2,springMig,20.1628787878788,59.703407650651,0.604517616423643
1174_1-2,summer,53.5,195.9,-0.484848484848485
1176_1-2,springMig,29.9662921348315,132.873158083353,0.876220370485476
1176_1-2,summer,92.530986993114,2743.71594007152,-0.705235329500307
1176_2-3,springMig,26.8075506445672,176.391500538907,0.784099143945961
1176_2-3,summer,87.0455680399501,2352.12258493221,-0.253254807016279
1178_1-2,springMig,23.5428015564202,182.650211239296,0.886542318562489
1178_1-2,summer,67.6690307328605,1456.18943213962,0.070180319805028
118_1-2,springMig,5.53160070880095,20.4323636891721,0.794862991214327
118_1-2,summer,85.2203804347826,3669.91120300785,-0.209559702764929
1181_1-2,springMig,9.54740061162079,24.2358814411022,0.211347522603869
1181_1-2,summer,74.138309352518,3118.60705884294,0.0330753320223982
1181_2-3,springMig,9.44402985074627,51.9856196545363,0.489738117925519
1181_2-3,summer,97.599255952381,4419.08495256434,-0.13591171761358
119_1-2,springMig,10.9120458891013,62.3634326101378,0.495921716811839
119_1-2,summer,70.7749784048373,2396.34172660141,-0.0155030267788651
122_1-2,springMig,14.1180487804878,103.824381357412,0.609838882132434
122_1-2,summer,79.072785694328,2635.05562088211,-0.156875676149179
123_1-2,springMig,11.6718283075251,68.9917305966007,0.82594821549992
123_1-2,summer,89.477139979859,1907.74469286618,-0.360950051510965
1233_1-2,springMig,12.8222222222222,46.180006190034,0.578998834744463
1233_1-2,summer,99.0362524073864,3293.52803073075,0.034065580389869
1233_2-3,springMig,7.21621621621622,22.387428152134,0.514615175449217
1233_2-3,summer,96.5788285867813,3550.12429376952,0.134882219445951
1233_3-4,springMig,10.6531365313653,49.1681290146235,0.358376014935923
1233_3-4,summer,93.5983749274521,3448.16837441943,-0.310347171203291
1233_4-5,springMig,14.5514874141876,28.6286503054605,0.56884210473668
1233_4-5,summer,85.2649496080627,3194.17239350664,0.010129100007501
1234_1-2,springMig,29.3973684210526,25.353555061797,0.446407898458615
1234_1-2,summer,86.3721765913758,1348.45037068522,-0.0538762578911659
1235_1-2,springMig,25.6036184210526,24.3549786482268,-0.0775610231839232
1235_1-2,summer,107.24538372764,1912.20020231991,0.155734653148041
1236_1-2,springMig,19.562123039807,59.8019935548912,-0.0986071854109432
1236_1-2,summer,130.235023041475,4302.58134071959,0.0681830848208952
1239_1-2,springMig,26.0196078431373,28.1904024767802,0.10796691635639
1239_1-2,summer,107.023962594974,1939.98129680328,0.0411708979386278
1240_1-2,springMig,19.8674473067916,144.00350871032,0.449133488423012
1240_1-2,summer,42.1683327958723,402.24971944534,0.133901920503285
1240_2-3,springMig,33.7631578947368,77.1446672236146,0.46023561370046
1240_2-3,summer,103.728803088803,2298.73552335866,-0.256458488915672
1240_3-4,springMig,54.8684210526316,420.819615117088,0.56280427762883
1240_3-4,summer,81.4268730992535,573.807773212044,0.483682754741404
1240_4-5,springMig,17.4375,29.4697368421053,0.772614320579858
1240_4-5,summer,43.6325581395349,466.251618149293,0.399826342502361
1245_1-2,springMig,24.2663755458515,98.5208381215046,0.536064708242629
1245_1-2,summer,105.941942294159,3096.89668755843,0.0858066038833684
1246_1-2,springMig,11.9389671361502,45.9066347772168,0.434788029041803
1246_1-2,summer,104.299352750809,3535.77272489115,-0.467027738238008
1248_1-2,springMig,23.4,29.3777777777778,-0.320886288174892
1248_1-2,summer,122.705263157895,1619.65870231133,0.0362775093585575
1248_2-3,springMig,38.2941176470588,28.2205882352941,0.14152921044362
1248_2-3,summer,121.180769230769,2039.51545886546,-0.0632006093655096
1249_1-2,springMig,18.8736263736264,59.1961069233797,-0.338174224774692
1249_1-2,summer,103.650292540224,2884.95473476751,-0.0330415426187675
1249_2-3,springMig,44.0174326465927,44.6362035569643,-0.0199356432888749
1249_2-3,summer,109.486399427344,1656.71737360954,-0.189099659930647
1249_3-4,springMig,33.2996031746032,159.088985925716,0.779666320184632
1249_3-4,summer,91.2431476569408,1972.37653741578,0.181195063436031
1250_1-2,springMig,10.3035230352304,27.0761016849299,0.792638236245877
1250_1-2,summer,97.3233231039018,3457.83428662101,0.00486746952066732
1252_1-2,springMig,27.1811594202899,202.966941711626,0.674830532327151
1252_1-2,summer,68.2035462276099,1197.62866639413,0.161965130378406
1253_1-2,springMig,26.1028938906752,28.263147811589,0.0179105125242807
1253_1-2,summer,106.551227773074,1985.66138381346,0.0300588439881019
1294_1-2,springMig,22.9070450097847,98.0961501233394,0.666746013098141
1294_1-2,summer,67.546803652968,228.549806914547,-0.010411780658002
1306_1-2,springMig,19.3472222222222,64.7640340689121,-0.558510650917461
1306_1-2,summer,90.3401633855631,2431.93918899018,0.0172721434128944
1311_1-2,springMig,14.551724137931,38.91833030853,0.771401150186144
134_1-2,springMig,52.804347826087,151.720564900032,0.711825065373747
134_1-2,summer,55.4797114517583,116.679416523163,-0.471150548693385
135_1-2,springMig,17.6777777777778,39.6721291123526,0.792330515748424
135_1-2,summer,46.5946990612921,671.345765871852,0.0445767958477146
1358_1-2,springMig,75.9565217391304,222.225296442688,0.333002738010436
1358_1-2,summer,83.2790697674419,92.9202657807309,0.140655853265729
1359_1-2,springMig,43.0821917808219,44.0487062404871,0.443725838102078
1368_1-2,springMig,30.75,88.3333333333333,0.531558773836487
1368_1-2,summer,111.553008595989,2891.7019233936,-0.0265151360143705
137_1-2,springMig,20.5179856115108,65.4833698258784,0.551977326721525
137_1-2,summer,40.9255319148936,209.576143942568,-0.134830834207952
1379_1-2,springMig,40.3333333333333,112.266666666667,-0.500216403386025
1379_1-2,summer,122.791519434629,2483.55567250583,0.29389901728151
139_1-2,springMig,31.0740740740741,135.515760441292,0.800438857312466
139_1-2,summer,73.8150057273769,1448.4905453165,-0.645380902048206
14_1-2,springMig,89.679180887372,145.150147271962,0.714818592754227
14_1-2,summer,61.5849056603774,100.43976777939,0.0671763578764317
140_1-2,springMig,18.4805389221557,80.2679865157242,0.899670990691203
140_1-2,summer,73.4024807527802,1744.75920650904,0.22054040832638
1406_1-2,springMig,67.7849462365591,954.651427245301,0.469292016631557
1406_1-2,summer,103.509511315185,2889.84155295124,-0.462351711625154
143_1-2,springMig,19.4856661045531,172.213054327515,0.3344323611275
143_1-2,summer,82.595547309833,2252.09633701402,-0.460415731403794
145_1-2,springMig,9.52357320099256,35.3545424243547,-0.0545408873565919
145_1-2,summer,80.2764378478664,4033.27170057691,0.0227932248642963
146_1-2,springMig,18.644128113879,146.618227491579,0.516472732969925
146_1-2,summer,82.0481751824818,1558.3032313143,0.604015512193256
1463_1-2,springMig,11.3874285714286,51.9675763321347,0.882002603010649
1463_1-2,summer,81.7532075471698,1460.0530958217,0.012954709794209
1463_3-4,springMig,15.3723076923077,42.9998480531814,0.156799090013293
1463_3-4,summer,71.3466889259878,1008.65757950953,0.352792821949366
1463_4-5,springMig,24.5442708333333,44.0815858899043,0.782029690692536
1463_4-5,summer,49.7285902503294,324.085813568316,0.470410376502616
1467_2-3,springMig,10.2788461538462,37.659353995519,0.636056751383833
1467_2-3,summer,53.999582289056,1653.1613036282,0.486160770359855
1467_3-4,springMig,6.03389830508475,17.0882077172737,0.68803817369648
1467_3-4,summer,62.9437832362624,2043.73594728431,0.58004259445488
1468_1-2,springMig,19.5142857142857,46.3747899159664,0.779871469548218
1468_1-2,summer,95.3714721586575,2324.23976569369,0.224424967348532
1468_2-3,springMig,10.25625,39.1128134796238,0.534770257933535
1468_2-3,summer,89.1585998271392,3581.53308574171,-0.0192658317161991
1468_3-4,springMig,5.70192307692308,10.2875325157934,0.377583291341205
1468_3-4,summer,105.385984427141,4091.10493841867,-0.182979371555701
147_1-2,springMig,14.5423340961098,29.9689605945458,0.874126152497383
147_1-2,summer,95.6131025957973,2297.58156078278,-0.0661626776077963
1472_1-2,springMig,7.39819004524887,42.9498148909914,0.575813871925671
1472_1-2,summer,69.0619765494137,2970.30700773803,0.496013608517507
1472_2-3,springMig,8.00444444444445,49.2455158730159,-0.104677823368571
1472_2-3,summer,85.4076342110635,2818.63269793395,0.437902348445295
1472_3-4,springMig,22.2420382165605,71.0136332836428,0.37380043961718
1472_3-4,summer,97.8805668016194,5968.51490665457,0.222671113016438
1472_4-5,springMig,12.3241379310345,60.9705938697318,0.122832620980676
1472_4-5,summer,86.1834580694684,4099.51297775155,0.411918009531296
1474_1-2,springMig,4.23333333333333,17.4842696629214,0.257852046053064
1474_1-2,summer,83.7870321560359,3205.109684067,-0.0309610429761562
1474_2-3,springMig,7.95454545454545,38.8440559440559,-0.302651834711471
1474_2-3,summer,96.5292759706191,3684.27774265367,0.1555078864897
1474_3-4,springMig,11.8375,55.859335443038,0.824417344923437
1474_3-4,summer,108.735702387562,4144.02399018966,0.340667668403174
1474_4-5,springMig,7.09248554913295,29.1740303258775,-0.0235306551390129
1474_4-5,summer,103.204816753927,4003.80512970563,0.386440591871677
1476_1-2,springMig,34.0185185185185,109.65586199609,0.466713330375236
1476_1-2,summer,96.1514670896114,1291.78735697292,0.0570951973228717
1476_2-3,springMig,13.0422077922078,63.7738253616302,0.326753481749462
1476_2-3,summer,99.5473991249392,1978.11749505729,0.507034128109646
1476_3-4,springMig,8.92042440318302,42.5734381172752,0.333309551772903
1476_3-4,summer,109.043819885162,2713.39076363865,0.00964714693770269
1476_4-5,springMig,7.88405797101449,35.5582208895552,-0.0865904611721327
1476_4-5,summer,81.8415741675076,1955.40764788726,0.751302842286368
148_1-2,springMig,13.2040816326531,82.8907808522182,0.295759207665824
148_1-2,summer,46.746963562753,1090.32326662342,-0.448677362759036
1482_1-2,springMig,12.6303630363036,85.2614897853422,0.676374078529555
1482_1-2,summer,81.0108534780464,2761.08971432551,0.204081664611449
1483_1-2,springMig,14.703125,98.9032972440945,0.684399816126233
1483_1-2,summer,70.6957423278961,3345.34015330619,-0.122387303922583
1485_1-2,springMig,19.1915215745647,121.211018970936,0.477766654384126
1485_1-2,summer,46.257824814231,1767.47067355579,-0.554258195580385
1485_2-3,springMig,23.8119440914867,65.4276943073028,0.470836445981298
1485_2-3,summer,32.7118506493507,926.548882528162,-0.132912255886469
1487_1-2,springMig,11.0606060606061,51.7158167036216,0.358857710072429
1487_1-2,summer,66.792384406165,2381.85835517214,0.113833372598227
1487_2-3,springMig,25.3703703703704,160.728162124389,0.540257749727002
1487_2-3,summer,65.1886524822695,2197.53571216445,-0.349566113366764
1487_3-4,springMig,45.9259259259259,24.994301994302,0.0128798630914107
1487_3-4,summer,56.50625,1240.40027365129,0.386453269624747
149_1-2,springMig,66.5,231.181818181818,0.545627065749772
149_1-2,summer,134.411009174312,2732.52193739881,-0.834076167980857
149_2-3,springMig,68.0857142857143,248.433613445378,0.784519394083362
149_2-3,summer,107.463258785943,1192.44175473089,-0.678631490161663
149_3-4,springMig,11.8747731397459,81.9606533575318,0.551209646246508
149_3-4,summer,100.326500732064,2911.53986852896,-0.43644083142258
1492_1-2,springMig,13.1193181818182,50.2364348614349,0.903523090731531
1492_1-2,summer,64.4339979948758,2805.44219516622,0.398438124876323
1492_2-3,springMig,6.93877551020408,51.2951819903219,0.654275383537151
1492_2-3,summer,64.9737442922374,2111.72632337946,0.517590923338756
1492_3-4,springMig,9.78048780487805,34.8256097560976,0.743203056821248
1492_3-4,summer,61.3143176733781,1892.0679470703,0.426625674577229
1493_1-2,springMig,17.2748091603053,179.493129770992,0.668871667268018
1493_1-2,summer,65.5114994026284,2335.54968103749,0.0474114829651741
1493_2-3,springMig,16.3823529411765,104.485739750446,0.632294336777546
1493_2-3,summer,76.2670313276977,2977.70527570996,0.0404427031743313
1493_3-4,springMig,23.5116279069767,186.351052048726,0.650451186940647
1493_3-4,summer,58.1120879120879,1724.99695788083,0.356317231637879
1496_1-2,springMig,41.3294117647059,55.2517925513401,0.0730221542884341
1496_1-2,summer,111.654669969401,2734.68253684458,-0.162859945755998
1496_2-3,springMig,44.0625,174.641129032258,0.630053156133938
1496_2-3,summer,128.84556407448,3393.22873921589,-0.128468890442165
1496_3-4,springMig,44.1176470588235,96.6230936819172,0.15047540040881
1496_3-4,summer,112.6011042098,1959.25375568596,0.079289956822598
1497_1-2,springMig,46.9252336448598,111.586159823585,-0.139506229238611
1497_1-2,summer,120.083333333333,2138.74122307233,-0.107298409079865
1497_2-3,springMig,41.8115942028985,86.4492753623189,0.0140701409295199
1497_2-3,summer,104.906801007557,2842.33934839163,-0.00066043967151162
1498_1-2,springMig,27.6894736842105,222.77403138453,0.44405523241623
1498_1-2,summer,59.6632782719187,2051.15333502944,0.232224802714136
1498_2-3,springMig,13.8181818181818,91.4659090909091,0.593420730782989
1498_2-3,summer,65.6654111738857,1777.33835688171,0.308568852421103
1498_3-4,springMig,24.3365384615385,105.759428678118,0.781289254326004
1498_3-4,summer,64.7942779291553,1506.49104497586,0.223571025000658
1499_1-2,springMig,39.0118343195266,417.976049591434,0.793234343352567
1499_1-2,summer,57.284142394822,741.923345806219,0.476917096543129
150_1-2,springMig,39.8125,290.9625,0.65465412697097
150_1-2,summer,108.514836795252,2761.79844224673,-0.590100038962353
1501_1-2,springMig,30.1025641025641,501.351458885942,0.644842697838662
1501_1-2,summer,39.7255125284738,869.99982742166,0.0702403408637338
1501_2-3,springMig,31.5142857142857,261.021848739496,0.716431395501472
1501_2-3,summer,53.7429111531191,1543.89599984262,-0.349089018444329
1501_3-4,springMig,31.7428571428571,459.255462184874,0.755777459641368
1501_3-4,summer,74.3870431893688,3193.9065983988,-0.493600155978225
1502_1-2,springMig,15.8740831295844,76.832350749507,0.819314611815481
1502_1-2,summer,65.5080755832366,2671.69337333381,0.36571912157754
1502_2-3,springMig,5.81553398058252,27.7121477622543,0.403286212437724
1502_2-3,summer,62.0705679862306,1896.07251443036,-0.00919828845879141
1502_3-4,springMig,7.25249169435216,45.5760354374308,0.748072808890789
1502_3-4,summer,78.6324929971989,2385.40185841153,0.177963932597154
1503_1-2,springMig,20.7931034482759,168.673709388081,0.814887285575286
1503_1-2,summer,68.7284705243141,2229.72696815353,0.137105666830795
1503_2-3,springMig,7.07070707070707,26.2704596990311,0.122962592629009
1503_2-3,summer,70.23163538874,1767.31219609016,0.442348261504617
1503_3-4,springMig,57.4625,204.04920886076,0.523739212431455
1503_3-4,summer,76.6997598078463,1373.09487974995,0.13078807616004
1504_1-2,springMig,93.0416666666667,804.019197207679,0.604350859891306
1504_1-2,summer,107.851503759398,918.901728686722,-0.299123628846408
1504_2-3,springMig,54.4421906693712,681.767484622108,0.691475926250691
1504_2-3,summer,21.8023952095808,30.5434176691662,-0.35714261980039
151_1-2,springMig,42.7647058823529,137.82174688057,0.645585709725481
151_1-2,summer,49.8264462809917,205.911662837351,0.253564690713624
1510_1-2,springMig,23.6796875,155.299220789817,0.553400982168789
1510_1-2,summer,119.079534707774,5722.42051558789,-0.315937344648567
1512_1-2,springMig,79.7,82.7473684210526,0.334721720321948
1512_1-2,summer,211.175514940528,1618.65955120748,-0.235929384305893
1516_1-2,springMig,15.0146750524109,105.040707816649,0.726950481890841
1516_1-2,summer,100.78547893622,4245.92137555616,-0.417417973562621
1517_1-2,springMig,28.3678756476684,38.3900043177893,0.668275480329353
1517_1-2,summer,118.294767118204,5514.10230350427,-0.251217454676824
152_1-2,springMig,12.0797101449275,41.6505342219401,0.753327725128256
152_1-2,summer,41.1778202676864,862.71736152319,0.527112678966809
1520_1-2,springMig,25.136961722488,196.883085437193,0.404265093949679
1520_1-2,summer,112.821027082269,4268.11220888492,-0.695707135626163
153_1-2,springMig,17.8732171156894,177.314059316278,0.551667983492572
153_1-2,summer,57.9972299168975,308.452770083103,0.787321094072227
1530_3-4,springMig,8.08904109589041,36.1944594562842,0.476046492623227
1530_3-4,summer,108.091469477033,4335.23228401761,0.23744855832261
1537_1-2,springMig,7.36947218259629,24.5104381495822,0.0491185853420013
1537_1-2,summer,85.0465582982139,3387.3706369242,0.323502849501244
1537_2-3,springMig,11.8421875,59.6448527973396,-0.0723797703353901
1537_2-3,summer,82.3310635538262,3366.66785083086,0.413519883469611
1537_3-4,springMig,13.0613305613306,82.4655374577331,0.112290870287801
1537_3-4,summer,105.868475991649,3831.14627050749,-0.239811507938672
1539_2-3,springMig,22.8457374830853,271.548292583713,0.208124376211544
1539_2-3,summer,119.369174311927,2008.71755163076,-0.0541852420138964
1539_3-4,springMig,6.85077186963979,29.3024349702039,0.511860254925446
1539_3-4,summer,90.6912247770999,3168.86497343503,0.344980594201354
1539_4-5,springMig,19.4022445363261,120.543186448441,0.141378469250851
1539_4-5,summer,113.534574832261,2508.26883317651,-0.30891134785706
1549_1-2,springMig,17.4527717559616,179.265194452535,0.45129601258722
1549_1-2,summer,116.997953847903,2884.57730368,0.201043780926111
1549_2-3,springMig,10.6382222222222,44.4980039541321,0.566265691579585
1549_2-3,summer,98.5434243176179,2548.58452392043,0.226297570845671
1549_3-4,springMig,11.414691943128,70.1504837721296,0.170516772525473
1549_3-4,summer,96.8543184183143,2973.48020252778,0.00840685542983689
1558_1-2,springMig,76.5950413223141,24.2429752066116,-0.379411398212312
1558_1-2,summer,152.336847946726,2427.56343785531,-0.080256003875399
1558_2-3,springMig,21.8947368421053,182.631578947368,0.595327960962444
1558_2-3,summer,108.528832630098,4014.05171487209,-0.0519234312069993
1560_1-2,springMig,29.9026402640264,87.165712025748,0.402251997628535
1560_1-2,summer,53.7389268995319,908.752061239971,0.407935501489101
1561_2-3,springMig,29.4399494310999,285.67708556706,0.734979861152488
1561_2-3,summer,68.963978849967,566.07638799823,0.596933893393319
1563_1-2,springMig,15.6794871794872,77.9089244089244,0.89607278758476
1563_1-2,summer,73.7347902097902,2916.56525209796,0.100045722993731
1563_2-3,springMig,18.8120104438642,172.427358828649,0.119291745135256
1563_2-3,summer,83.5709795704557,3024.5722837591,-0.259120342176939
1565_1-2,springMig,21.5826446280992,112.388945853755,0.676797408019785
1565_1-2,summer,89.2090628218332,1837.56032992497,-0.163649350413109
1565_2-3,springMig,88.4108527131783,363.542605495732,0.795075202859786
1565_2-3,summer,135.835228708618,2376.53553314409,-0.395083282050668
1566_1-2,springMig,32.9387308533917,72.8505683765498,0.770987861008693
1566_1-2,summer,85.6640644673886,1905.6674715364,-0.377717458078053
1566_2-3,springMig,28.6621621621622,74.5114869017758,0.920960043373444
1566_2-3,summer,67.9381520119225,605.2201763824,0.121560554708758
1567_2-3,springMig,60.13074204947,167.007668596346,0.49612947323509
1568_1-2,springMig,46.6200980392157,378.125436063996,0.443554642761631
1568_1-2,summer,79.126582278481,67.4076378459558,0.661234107211152
1568_2-3,springMig,53.4620060790274,666.852972792646,0.88553383273167
1568_2-3,summer,95.3494882600843,2174.26354836797,-0.664798204212116
1569_2-3,springMig,46.1048593350384,531.145386582727,0.641788901919447
1569_2-3,summer,85.8277777777778,2155.048699895,-0.300312840738867
16_1-2,springMig,101.777777777778,157.006535947712,-0.583789203857216
16_1-2,summer,120.929936305732,92.629674995917,0.234487372097428
1605_1-2,springMig,105.571428571429,200.952380952381,-0.569022901116123
1605_1-2,summer,167.622549019608,1064.31495701729,0.306299206120856
1609_2-3,springMig,114.2,32.7,-0.229415733870562
1609_2-3,summer,179.688427299703,2513.27465734068,0.176735346515726
1674_1-2,springMig,20.6774193548387,114.943416181914,0.638024153252476
1674_1-2,summer,77.5621033544878,1185.01587651562,0.344470103550573
1691_1-2,springMig,30.8598130841122,61.5367660024687,0.718548772211203
1691_1-2,summer,99.2016736401674,3250.79262701233,-0.773368621621864
17_1-2,springMig,15.1931034482759,75.2680076628353,0.76236850409579
17_1-2,summer,55.0873786407767,3406.47268227679,-0.232114259245578
1713_1-2,springMig,27.4576271186441,59.9084456033609,0.621238018268893
1713_1-2,summer,89.5553488372093,1534.17081633537,0.172013485516685
1718_1-2,springMig,25.5151515151515,124.205875549387,0.466072434065103
1718_1-2,summer,82.890612244898,2100.02887421635,-0.428686227263113
172_1-2,springMig,18.7853403141361,180.746272106365,0.530221700076316
172_1-2,summer,22.784064665127,243.235398950727,-0.150705998141317
1720_1-2,springMig,24.2707993474715,206.825240699869,0.77850219196001
1720_1-2,summer,58.6969696969697,285.804437229437,0.359726016144044
1721_1-2,springMig,47.6678321678322,139.057698441909,0.382643923300125
1721_1-2,summer,124.402770083103,3970.05442691219,-0.0104663993257271
173_1-2,springMig,26.5285714285714,242.351695786228,0.710647464112843
173_1-2,summer,51.4243748482642,1198.83006138058,-0.275683447234019
174_1-2,springMig,33.3722627737226,503.720695577501,0.859756207750597
174_1-2,summer,44.142523364486,791.304961608336,-0.453204922472912
177_1-2,springMig,51.8305084745763,443.182059264384,0.699463821711118
177_1-2,summer,54.1924473493101,610.369779478702,-0.482119460078498
1771_1-2,springMig,55.7849462365591,1022.38803179056,0.665233441862486
1771_1-2,summer,89.9347668955548,759.66192858292,-0.0354607899772811
1771_2-3,springMig,30.9157894736842,166.929003359462,0.62960150722475
1771_2-3,summer,85.5305381313965,2289.36870053595,-0.333142583281304
1772_2-3,springMig,13.6261585993821,80.0549438882224,0.58865684418929
1772_2-3,summer,76.800881953867,2276.49410169899,-0.327102424872303
1773_2-3,springMig,11.0159151193634,21.8774056097974,0.519161834749083
1773_2-3,summer,86.4171277997365,2477.41399227544,0.241480414698386
1775_1-2,springMig,5.57017543859649,13.8938879456706,0.484663197644802
1775_1-2,summer,119.683036627788,3766.94433559894,-0.196784281129788
1776_1-2,springMig,12.3747368421053,60.7993611003272,0.775930187329464
1776_1-2,summer,79.6410664544369,1228.62430013611,0.02379563848068
1777_1-2,springMig,5.23232323232323,15.0776003276003,0.679716853511325
1777_1-2,summer,39.862807295797,550.640687033471,0.307962540533553
1778_1-2,springMig,14.4887063655031,60.834748734589,0.431899612094765
1778_1-2,summer,96.9971110193974,1627.63706844638,-0.391337999520871
184_1-2,springMig,30.0430284505055,409.00826100507,0.627565319606771
184_1-2,summer,78.1339639914556,936.62887356769,-0.617338989660059
186_1-2,springMig,8.95702127659575,44.8798038096791,0.802257531875655
186_1-2,summer,65.5433999344907,1725.99492203397,-0.0236452851965755
187_1-2,springMig,7.42073170731707,27.7789540625468,0.454324248851985
187_1-2,summer,79.5052064631957,2340.67111844851,0.556989128366952
188_1-2,springMig,6.09471365638767,28.9866142089096,0.542704069231052
188_1-2,summer,48.603274559194,1048.36966356002,0.408466171167784
19_1-2,springMig,21.7058823529412,246.4670937682,0.699630772728549
19_1-2,summer,60.513698630137,1536.08601794993,0.200725922708055
190_1-2,springMig,14.9188712522046,17.4775054374583,0.655987836513465
190_1-2,summer,78.4979266017002,3832.07998533251,0.528796260841495
20_1-2,springMig,12.9588235294118,163.175809258615,0.153829363145423
20_1-2,summer,63.0861111111111,1304.54957522397,0.0207791433589587
21_1-2,springMig,112.489361702128,191.516188714154,0.71845084378604
21_1-2,summer,89,33.3333333333333,-1
210_1-2,springMig,4.86516853932584,18.958886618999,0.389087275042485
210_1-2,summer,64.8292565947242,3985.95163884248,-0.130468575043547
211_1-2,springMig,16.1666666666667,112.666666666667,-0.237624580563894
211_1-2,summer,90.1909722222222,4919.37911835749,0.39570494379355
212_1-2,springMig,21.9318181818182,83.134778012685,0.738034342275592
212_1-2,summer,75.6013071895425,1090.04394564843,-0.208092418353994
215_1-2,springMig,12.952380952381,57.3476190476191,0.604825851783485
215_1-2,summer,82.4229249011858,3245.30851998243,-0.6567466120102
217_1-2,springMig,12.6153846153846,61.9230769230769,0.917597765363129
217_1-2,summer,72.8892508143322,2916.24913244342,-0.180430076763934
218_1-2,springMig,10.1309523809524,56.4977188480183,-0.00947605383804713
218_1-2,summer,94.9800664451827,2417.92626799557,-0.0614348311923606
22_1-2,springMig,25.8549450549451,78.1771506027013,0.315850356326482
22_1-2,summer,63.6751677852349,1685.80025618821,0.643684988020973
223_1-2,springMig,20.3636363636364,119.851665166517,0.583679736693067
223_1-2,summer,31.9139344262295,78.0872124401268,0.226702998291179
224_1-2,springMig,8.05278884462151,41.9064827430061,0.911949243260706
224_1-2,summer,53.3201320132013,1490.08785385581,-0.14726190060084
24_1-2,springMig,47.9059829059829,384.292808723843,0.952051945411362
24_1-2,summer,118.739130434783,3268.49440537084,-0.311753360607524
26_1-2,springMig,25.1609195402299,212.973803795777,0.518877179545284
26_1-2,summer,33.9705882352941,302.090017825312,0.766202895010662
265_1-2,springMig,10.8100664767331,17.3745373529911,0.683282814199888
265_1-2,summer,61.6828473945409,1596.1340814211,0.366557064756947
266_1-2,springMig,4.74817275747508,10.8161951297095,0.808036711175059
266_1-2,summer,87.8246205733558,2060.5839952882,0.250514864086689
266_2-3,springMig,9.60036496350365,41.827413135132,-0.0230709707143769
266_2-3,summer,100.96293211162,2191.05458245957,-0.0033426391198451
27_1-2,springMig,34.9393939393939,387.26159554731,0.1570459691355
27_1-2,summer,137.253271028037,1756.44187422956,0.0436170909920579
278_1-2,springMig,4.8495145631068,9.0940111091879,0.64517856118784
278_1-2,summer,90.2477129618629,3288.41759962863,0.00282270284164421
279_1-2,springMig,27.1390374331551,244.776263584613,0.810221886860721
279_1-2,summer,72.7368993653672,1486.72964109161,-0.202360469033647
280_1-2,springMig,3.54385964912281,11.2359533194219,0.858199087764096
280_1-2,summer,82.7938307408384,3254.32347413035,-0.0295130621701977
284_1-2,springMig,27.9857819905213,348.947415933198,0.459907807951302
284_1-2,summer,87.7954545454545,1554.5805466842,-0.403470213836461
3_1-2,springMig,15.5781544256121,85.795295455353,0.114048135606131
3_1-2,summer,10.5,131.202265372168,0.202432172151232
305_2-3,springMig,6.97647058823529,16.4756302521008,0.641669376371324
305_2-3,summer,93.7703804347826,3813.80447898501,-0.223974881281751
308_2-3,springMig,11.3720930232558,77.3344407530454,0.628911257381504
308_2-3,summer,89.3436401967674,3427.43527422207,-0.0262040013090156
308_3-4,springMig,6.15,16.4497487437186,0.495946391457968
308_3-4,summer,74.5503489531406,1988.62894947891,0.141768263648274
311_2-3,springMig,5.43165467625899,15.9137733291628,0.314248183447688
311_2-3,summer,96.5291637385805,3590.22400823126,-0.110025516739276
312_2-3,springMig,5.83838383838384,15.6470830756545,0.486414689217997
312_2-3,summer,93.9628099173554,3598.28393641319,-0.135839644120943
312_3-4,springMig,4.32203389830509,12.1186440677966,0.381487451515608
312_3-4,summer,94.4191616766467,3465.68703604775,0.0682442153828349
313_2-3,springMig,6.05633802816901,15.6421935870542,0.616402553220698
313_2-3,summer,94.3174496644295,3429.54791558679,-0.0209036407323359
313_3-4,springMig,10.40625,28.9517716535433,0.557093011982964
313_3-4,summer,94.5895020188425,3933.88929039158,-0.291996058091849
314_2-3,springMig,8.26315789473684,42.8045112781955,0.776981266289836
314_2-3,summer,89.9360764144012,2913.6907637118,-0.0260190724395817
314_3-4,springMig,5.0952380952381,10.0882694541231,0.592744752376649
314_3-4,summer,98.4451827242525,3448.07295716406,-0.239145851843516
315_2-3,springMig,8.78205128205128,36.6518653020799,0.371655008377096
315_2-3,summer,96.9216366158114,3350.68295970686,-0.126470163568727
318_2-3,springMig,9.84102564102564,53.0003700766588,0.266155152471313
318_2-3,summer,88.7205308352849,2705.17496096799,-0.16312266970726
318_3-4,springMig,12.9266666666667,27.0482774049217,0.413326023380748
318_3-4,summer,94.3532979529947,3309.26962303028,-0.0104611601675465
319_2-3,springMig,8.54838709677419,62.5225806451613,0.780568572804525
319_2-3,summer,99.4245216158753,3397.78915712914,-0.113414303158108
32_1-2,springMig,51.479674796748,932.209789281566,0.582338461636886
32_1-2,summer,37.2962962962963,419.60113960114,0.458035935203443
321_2-3,springMig,5.8443579766537,19.8038059338521,0.735625509589878
321_2-3,summer,78.0723684210526,2180.14455273987,0.182917075070286
322_2-3,springMig,5.10526315789474,7.98862019914652,0.354995713138083
322_2-3,summer,93.8036386449185,3830.10517193714,-0.267196705809712
322_3-4,springMig,14.2814814814815,29.0843559977888,0.41779001416804
322_3-4,summer,98.6576292559899,3944.41709317729,-0.194463078221138
323_2-3,springMig,5.4037558685446,15.9116839401187,0.441748487343294
323_2-3,summer,104.18553008596,3252.49817039981,-0.384888719470894
323_3-4,springMig,10.2240802675585,46.9529752418576,0.603097100511539
323_3-4,summer,106.604311008468,3478.46888741013,-0.283017246758381
325_2-3,springMig,5.04411764705882,17.3428716314112,0.667848366855907
325_2-3,summer,84.0699925539836,2789.12624493288,-0.107877025849252
325_3-4,springMig,6.26395939086295,18.0013985289547,0.37296090048165
325_3-4,summer,79.6342281879195,2529.2011112426,-0.232770542053281
326_2-3,springMig,9.22340425531915,26.3689087165408,0.0162213934614126
326_2-3,summer,93.5455755156354,3366.80467914592,0.0222710906049327
326_3-4,springMig,17.3258426966292,44.9039836567926,0.348147687027334
326_3-4,summer,91.8706952566602,4264.81486889212,-0.109125864797467
328_2-3,springMig,10.6,52.6051282051282,0.817606193963643
328_2-3,summer,99.6615491974878,3471.78690737485,-0.262132556775818
328_3-4,springMig,6.38655462184874,27.3916820965674,0.823460063196155
328_3-4,summer,102.739913544669,3393.57253697882,-0.164027038240309
33_1-2,springMig,25.875,152.434684684685,0.764007796940755
33_1-2,summer,52.652977412731,1382.07883490802,-0.0650054614903782
331_2-3,springMig,9.30973451327434,24.4657079646018,0.279226630515075
331_2-3,summer,108.15975422427,2838.19275259135,0.121844867212436
332_2-3,springMig,5.65775401069519,8.66718417572308,0.387959068910217
332_2-3,summer,97.3980716253444,3072.18050627192,-0.104308551694244
332_3-4,springMig,8.70848708487085,33.5184091840918,0.462829302937305
332_3-4,summer,80.8556985294118,1998.11071266708,0.0940586864213646
333_2-3,springMig,7.2421052631579,17.738633818589,0.727442209597061
333_2-3,summer,92.205764075067,3677.07030880547,-0.0891238728817168
333_3-4,springMig,15.0769230769231,86.6206668867613,0.190248531092511
333_3-4,summer,98.4887831407206,3584.45276525294,-0.0326259966668123
334_2-3,springMig,8.43243243243243,44.1411411411411,0.727178092529264
334_2-3,summer,97.190243902439,3420.88358676055,-0.224523200162568
334_3-4,springMig,5.55882352941176,21.7427568042142,0.495513190437179
334_3-4,summer,95.5080027835769,3884.27517964345,-0.354287856876481
335_2-3,springMig,8.50442477876106,19.7164981036662,0.425411004877041
335_2-3,summer,103.385977859779,3424.75563779862,-0.362991648018875
34_1-2,springMig,33.5179760319574,294.860676431425,0.724509539477055
34_1-2,summer,48.1008928571429,1120.05504835312,-0.260272930919785
343_1-2,springMig,29.0567010309278,66.7202908974667,0.597925653497729
343_1-2,summer,75.3106757297081,1173.60064198321,-0.0950131444903598
346_1-2,springMig,25.9621451104101,114.821347282674,-0.00800163476733783
346_1-2,summer,92.8347280334728,2739.47252753438,-0.709056474681711
348_1-2,springMig,13.8201058201058,87.1664912354568,0.525488474286028
348_1-2,summer,95.1702180997744,2913.73004561441,0.134968825777384
348_2-3,springMig,8.26799557032115,36.7728881064105,0.786501742253411
348_2-3,summer,88.6697334276952,2636.09759952779,0.526758998629842
348_3-4,springMig,19.3207547169811,23.4912917271408,0.455279884878248
348_3-4,summer,119.90205338809,4292.89346466751,0.0338972208443974
349_1-2,springMig,21.952380952381,88.0321665089877,0.735641749128918
349_1-2,summer,69.0138784696174,1273.1979311432,0.149998307552305
350_1-2,springMig,10.6666666666667,71.5483870967742,0.847209070714657
350_1-2,summer,91.3902245706737,2751.76285367577,-0.130457096513948
351_1-2,springMig,18.5470085470086,71.3878573533746,0.258745611236491
351_1-2,summer,85.6408533021625,2446.49330859642,-0.255973280297626
352_1-2,springMig,8.14590747330961,26.7922249177944,0.732591298668713
352_1-2,summer,62.6391242937853,1594.55499294534,-0.12503232370945
353_1-2,springMig,11.3125,72.1910377358491,0.51957449597193
353_1-2,summer,96.7061233290211,4151.8202385373,-0.0234589517754338
355_1-2,springMig,21.2384615384615,108.570602265951,-0.296892622454155
355_1-2,summer,83.0105048147067,1904.0617693598,0.20644797908237
356_1-2,springMig,17.7155425219941,63.927669484216,0.151338869505448
356_1-2,summer,84.7178763061282,1986.49072272029,0.339722231938136
36_1-2,springMig,30.9880952380952,257.674555364314,0.635586461997776
36_1-2,summer,82.6046511627907,2019.98108001577,-0.158003263710517
376_1-2,springMig,13.3294418095586,118.637048921886,0.690037839078958
376_1-2,summer,84.0878127522195,2379.51182270952,-0.35714962306411
388_1-2,springMig,11.3859500634786,99.9246458688008,0.722151701156548
388_1-2,summer,109.953254984815,4507.49173960177,-0.747831523831084
389_1-2,springMig,12.1541313559322,78.1876776764302,0.643512682022957
389_1-2,summer,66.763572204126,1902.15940032305,-0.0858035230444609
39_1-2,springMig,20.2833333333333,57.3140056022409,-0.40828788094105
39_1-2,summer,60.9789915966387,478.612461253786,0.36111107654303
397_1-2,springMig,6.2466434609647,38.8475944494336,0.846467468133484
397_1-2,summer,54.0624880199348,1484.46043498955,-0.35168640764127
4_1-2,springMig,22.3495575221239,114.912822025565,0.346477952465412
4_1-2,summer,57.5778834720571,649.687081705453,0.110233533341853
40_1-2,springMig,40.8202247191011,195.194586312564,0.655902459310848
40_1-2,summer,120.737780713342,3356.04553796642,-0.181714051532085
402_1-2,springMig,6.77473363774734,22.3879064408021,0.872348012331576
402_1-2,summer,71.6579218106996,2218.28340833688,-0.688277600645166
41_1-2,springMig,16.6464285714286,70.1075140809012,0.654297155406785
41_1-2,summer,66.3333333333333,2821.33333333333,-1
42_1-2,springMig,13.5893155258765,49.0919257848923,0.29221776310264
42_1-2,summer,41.7571519389701,1843.31884989866,0.149518857993915
43_1-2,springMig,23.5988372093023,162.732864137087,0.673243351153885
43_1-2,summer,36.0742049469965,680.97679845323,0.640153625675465
44_1-2,springMig,14.4,196.473214285714,0.658949018033168
44_1-2,summer,51.7386934673367,1864.25460636516,-0.113076936360263
45_1-2,springMig,21.8524904214559,167.523304726396,0.383657053759569
45_1-2,summer,39.8127659574468,1118.59874204069,0.522053740821699
451_1-2,springMig,18.2627737226277,40.0775010734221,0.449416520526756
451_1-2,summer,132.826882477129,4871.87000921787,-0.22258658262555
452_1-2,springMig,24.7912087912088,59.7448107448108,-0.209222082768966
452_1-2,summer,55.4886597938144,4576.50245377865,0.546654404632117
453_1-2,springMig,6.74545454545455,30.6747474747475,0.229005599187592
454_1-2,springMig,14.3551401869159,41.2311761594075,0.547378593877377
454_1-2,summer,137.24488355681,4657.42657161426,-0.374048304533166
454_2-3,springMig,18.8934426229508,78.2612789594906,0.23083518191565
454_2-3,summer,112.714030384272,4469.78040225668,-0.241729815147382
454_3-4,springMig,15.7714285714286,33.6281573498965,0.239808576362144
454_3-4,summer,78.8883572567783,4337.54662141849,-0.173109928049571
455_1-2,springMig,4.625,17.9833333333333,0.459052487993759
455_1-2,summer,145.172562553926,3421.33634498205,-0.187137795543848
456_1-2,springMig,2.75,3.97222222222222,0.430649689404288
456_1-2,summer,128.63038277512,2853.06202188924,-0.384018691715855
457_1-2,springMig,7.66666666666667,66.0952380952381,0.393495501470372
457_1-2,summer,132.801063829787,3116.03812453266,0.00804690521780072
46_1-2,springMig,26.9189189189189,117.513758101993,0.209307962955425
46_1-2,summer,76.5591572123177,519.389757730114,-0.393966067118348
460_2-3,springMig,20.6716417910448,74.4056987788331,0.352837673201789
460_2-3,summer,111.455868971793,4451.74554612489,-0.403761997443051
465_1-2,springMig,8.93333333333333,24.4952380952381,0.518021381531131
465_1-2,summer,61.6315789473684,2075.46783625731,0.357769069595328
466_1-2,springMig,16.5364238410596,71.3036644591612,0.55182076607342
466_1-2,summer,115.874513618677,4124.61033325882,0.0166405631806688
468_1-2,springMig,9.16666666666667,33.4242424242424,0.655461657193643
468_1-2,summer,95.635593220339,2375.60042876464,0.153742048389265
468_2-3,springMig,8.18421052631579,19.0732574679943,0.629032444866105
468_2-3,summer,122.773755656109,2471.65443524289,0.373092626940484
468_3-4,springMig,17.6535433070866,35.291713535808,0.657594772232363
468_3-4,summer,122.080708661417,3148.30708273152,-0.252343928541957
468_4-5,springMig,26.0909090909091,37.3977272727273,0.589533646023666
468_4-5,summer,96.1477079796265,2210.05127449961,-0.226599786646816
470_2-3,springMig,9.39024390243902,31.2939024390244,-0.0701610664197055
470_2-3,summer,93.3476038338658,3625.65914546955,-0.00661332374690895
470_3-4,springMig,6.40860215053763,21.7564661435629,0.25246425927913
470_3-4,summer,95.043204320432,2560.58732089425,-0.122952843120444
470_4-5,springMig,16.0571428571429,38.8789915966387,0.078171498011919
470_4-5,summer,83.3149847094801,3686.59411436635,-0.118629620416503
470_5-6,springMig,9.625,30.328488372093,0.461167941455775
470_5-6,summer,108.712948517941,2226.54559769891,-0.555157095300158
478_1-2,springMig,13.7094017094017,82.7941349837902,0.161041883944896
478_1-2,summer,87.9372294372294,1536.31926172165,-0.193612927613468
478_2-3,springMig,16.5294117647059,38.1455108359133,0.570615670712317
478_2-3,summer,107.405723905724,2204.29885419683,-0.136292924399299
479_1-2,springMig,13,13.7313432835821,0.554946067570868
479_1-2,summer,121.316957210777,4420.56876852949,-0.0767303580095947
48_1-2,springMig,46.6091549295775,197.54009240629,0.345817327275996
48_1-2,summer,93.3491039426523,2965.62624560971,-0.399139893384699
49_1-2,springMig,63.525,358.51217948718,0.890383483303393
49_1-2,summer,62.4864864864865,271.367867867868,-0.615506406623572
5_1-2,springMig,11.672131147541,112.397405872816,0.120594122252039
5_1-2,summer,49.9214876033058,1109.98136209321,0.645509586821096
50_1-2,springMig,52.1111111111111,555.047892720307,0.675835839471374
50_1-2,summer,81.8661538461539,530.911179329145,-0.581021219990211
51_1-2,springMig,15.04,160.579459459459,0.824209536666195
51_1-2,summer,20,237.297619047619,0.320214520335302
52_1-2,springMig,37.1759259259259,159.094487510767,0.470066684900092
52_1-2,summer,111.590909090909,799.506993006993,-0.434093664027184
53_1-2,springMig,13.65,34.848717948718,0.532712887302852
53_1-2,summer,62.5231572080887,1938.78618010386,0.333007170166431
531_1-2,springMig,9.76,38.3558620689655,0.142347145864615
531_1-2,summer,62.0964467005076,1323.73044649332,0.514904320104178
532_1-2,springMig,4.91304347826087,22.4367149758454,0.327197008055331
532_1-2,summer,51.6244204018547,1097.88503739574,0.474818096088344
533_1-2,springMig,39.1034482758621,19.1674876847291,-0.0401290662885268
533_1-2,summer,40.3398926654741,1573.04555626086,0.708939785477595
534_1-2,springMig,10.6946107784431,55.0085852391602,0.286140697034795
534_1-2,summer,88.0813559322034,1966.115807679,0.423117687628458
535_1-2,springMig,8.8,82.7,-0.459627359870494
535_1-2,summer,133.364055299539,3725.22050638031,0.292599683932966
539_1-2,springMig,45.5229357798165,94.048080190282,-0.31798254278903
539_1-2,summer,82.2423133235725,3699.4599225567,0.489125183742456
54_1-2,springMig,23.4941176470588,35.6242255482075,0.674033358477142
54_1-2,summer,59.3133989401968,1647.27594912027,0.578002524549026
540_1-2,springMig,10.7411764705882,63.3736915238536,0.332286199674209
540_1-2,summer,48.9020979020979,928.14101135292,0.311046064553213
542_1-2,springMig,20.3918918918919,129.392262125139,0.358329909551956
542_1-2,summer,136.593220338983,3518.47975974988,-0.384962835302721
544_1-2,springMig,38.4666666666667,84.2666666666667,-0.575411019024419
544_1-2,summer,133.806191117093,2237.07559504159,-0.0348780673882844
547_1-2,springMig,18.55,60.25,0.580804437674439
547_1-2,summer,81.7824351297405,5029.67857085828,0.304251076515665
548_1-2,springMig,10.0753768844221,48.6357037713822,-0.11939067938999
548_1-2,summer,86.3457051961824,2370.11178355206,0.232035180502785
549_1-2,springMig,41.2434210526316,153.284724642733,-0.504198076375005
549_1-2,summer,83.211016291699,3575.79394687008,0.564137805027268
55_1-2,springMig,17.3333333333333,230.395480225989,0.716581101149725
55_1-2,summer,16.8152173913044,56.5039417104635,0.00541516738237898
550_1-2,springMig,8.97101449275362,24.8166719559928,0.729142922856185
550_1-2,summer,58.4533333333333,2300.47627831715,0.211382221001929
553_1-2,springMig,8.97515527950311,44.3368788819876,0.101386576391021
553_1-2,summer,54.1610169491526,1778.4931121529,-0.168831497961497
555_1-2,springMig,29.0596421471173,368.382889911527,0.456517117455447
555_1-2,summer,142.01997146933,1670.2538862849,0.274237909609018
556_1-2,springMig,38.4137931034483,19.9655172413793,0.221175418703833
556_1-2,summer,84.6940147948891,4288.35920372253,0.555449554098981
558_1-2,springMig,13,46.4,0.276230597775057
558_1-2,summer,68.0266940451745,3317.46636415106,0.719915716888056
56_1-2,springMig,45.8464285714286,153.521134152586,0.713163902315376
56_1-2,summer,87.269387755102,508.863887149952,-0.576573891952048
560_1-2,springMig,10.25,18.2142857142857,0.417248589622744
560_1-2,summer,69.4435483870968,2237.11420922032,0.0532578994139381
561_1-2,springMig,16.8571428571429,61.8095238095238,0.620476771257933
561_1-2,summer,76.0318725099602,2221.05498007968,-0.0584263337586276
562_1-2,springMig,8.22222222222222,27.4444444444444,-0.700880301450142
562_1-2,summer,122.489010989011,4242.13486513487,-0.355648057657437
564_1-2,springMig,11.4461538461538,39.6884615384615,0.655509815808598
564_1-2,summer,107.524369747899,6003.80874854993,0.0495799187630195
565_1-2,springMig,11.9418604651163,70.9907520739834,-0.0172413845408192
565_1-2,summer,46.206106870229,1226.39565472695,0.592836502493338
573_1-2,springMig,14.1034482758621,41.4532019704434,0.229514721160689
573_1-2,summer,88.4255050505051,3213.72389987102,-0.140287666510959
575_1-2,springMig,26.952380952381,42.4476190476191,0.0582829210233152
575_1-2,summer,99.1958115183246,3860.80543317198,-0.295166058437891
578_1-2,springMig,28.9833333333333,131.169209039548,-0.262848223409682
578_1-2,summer,80.8007662835249,2977.90654672664,-0.230215524774371
581_1-2,springMig,42.6962025316456,176.747883576554,0.473099843348403
581_1-2,summer,82.3492333901193,1674.60990982086,-0.176747431126031
582_1-2,springMig,9.54385964912281,16.6453634085213,0.297296899044314
582_1-2,summer,113.550678371907,5215.54475393242,0.269705084131524
583_1-2,springMig,23.5714285714286,48.4175824175824,-0.153376982909478
583_1-2,summer,95.2503082614057,3027.80270052214,-0.231597100088497
586_1-2,springMig,14.9508928571429,119.505413071269,0.825257793252167
586_1-2,summer,146.258762117823,4152.67552951128,-0.699922252690696
588_1-2,springMig,31.4712328767123,269.052054794521,0.546576525760149
588_1-2,summer,57.156,314.075967871486,0.0978655524864399
59_1-2,springMig,19.9338842975207,197.348307671205,0.103702719106428
59_1-2,summer,29.0722891566265,491.740982055109,0.379648906238458
591_1-2,springMig,40.8105726872247,275.817940821021,0.14857638083705
591_1-2,summer,84.3485342019544,2130.36119686914,-0.45207612680933
592_1-2,springMig,32.5973333333333,529.620848484849,0.122776277226772
592_1-2,summer,89.1550387596899,1795.81754056527,-0.140301519541121
593_1-2,springMig,20.6315789473684,239.839140103781,0.579988963447862
593_1-2,summer,131.228009259259,4200.46127714476,-0.483006028893987
594_1-2,springMig,28.7048192771084,379.54448377009,0.527367126711684
594_1-2,summer,114.314375987362,2437.43740376347,-0.490639140346942
596_1-2,springMig,41.6315789473684,211.801169590643,0.415630563420367
596_1-2,summer,102.716049382716,2619.34149107883,-0.621073479143027
597_1-2,springMig,40.25,124.872340425532,0.672466567658784
597_1-2,summer,86.2455089820359,2537.51684636724,-0.380545784615457
598_1-2,springMig,8.90572390572391,31.1059468559469,0.708938673016553
598_1-2,summer,81.8724066390042,3723.27030739003,-0.203310887977614
599_1-2,springMig,13.7353760445682,100.999610961547,0.698791550977034
599_1-2,summer,122.596196868009,3258.70014229491,-0.340611411457775
6_1-2,springMig,30.9518072289157,197.973420956554,0.263026607718446
6_1-2,summer,84.2494117647059,650.736307074067,-0.328962410703179
60_1-2,springMig,15.7666666666667,58.7014005602241,0.521995534243511
60_1-2,summer,65.6355851569933,1949.67374201441,-0.626423023138253
602_1-2,springMig,6.27659574468085,20.1158054711246,0.603149982794717
602_1-2,summer,97.0990196078431,3969.80274682984,-0.12278365825516
604_1-2,springMig,7.55284552845528,15.6098893775823,0.878852010967831
604_1-2,summer,109.810493343774,6146.50010923918,-0.0787880783804137
605_1-2,springMig,5.86538461538462,48.7070135746606,0.740436335559137
605_1-2,summer,85.5512943432407,3285.14012068391,0.158548143439718
606_1-2,springMig,25.3174603174603,136.413722478239,0.0446279054949162
606_1-2,summer,88.0363070539419,3198.02048728257,-0.0478288404878361
607_1-2,springMig,15.3323943661972,130.5954165672,0.465714587454385
607_1-2,summer,82.6605293440737,2686.94338266878,-0.0737986366364444
637_1-2,springMig,23.9725609756098,114.588558927574,0.614485300918264
637_1-2,summer,94.4853074141049,1384.13046461269,-0.672704053496907
638_1-2,springMig,9.4401966138722,55.5219680487536,0.660856112226444
638_1-2,summer,67.7307621332349,1625.48655997645,-0.671993753474632
639_1-2,springMig,14.4665289256198,69.7074364791134,0.854394936531048
639_1-2,summer,78.0119397142298,1262.19425835502,-0.0248252898659505
641_1-2,springMig,24.1825581395349,187.268572858747,0.355013225601176
641_1-2,summer,89.2559184896614,2735.11807151501,-0.137186177052871
653_1-2,springMig,14.7190332326284,51.1150849172746,0.742494952575953
653_1-2,summer,77.9927208558509,3926.44645042759,0.138199683357342
657_1-2,springMig,15.73165002936,55.122423068988,0.541621320104206
657_1-2,summer,90.7631203650884,2150.37534487611,-0.159334835146788
657_2-3,springMig,6.64430468204053,12.1789867714396,0.785841009413853
657_2-3,summer,95.7678812415655,2812.40825424963,-0.577894297170099
658_1-2,springMig,14.7875683060109,158.888919537526,0.602579481709578
658_1-2,summer,98.6697140957447,2783.33345335133,-0.812102196104637
675_1-2,springMig,10.643537414966,35.188837605887,0.562039525963629
675_1-2,summer,94.3811970979444,2598.91391305095,-0.549372385760755
676_1-2,springMig,17.8675496688742,85.4756732891832,0.723066693600633
676_1-2,summer,96.3422124725791,2433.94931159246,-0.522716353761612
677_1-2,springMig,23.2777777777778,71.0982222222222,0.748380435529653
677_1-2,summer,72.0311845473586,3081.3770533684,-0.207457598519154
678_1-2,springMig,6.88524590163934,48.6032786885246,0.485688836357425
678_1-2,summer,84.082176568573,2973.62001547784,-0.503943901178065
679_1-2,springMig,11.7391304347826,13.6368286445013,0.392932210454912
679_1-2,summer,93.317549570879,2445.48142963601,-0.317826456050212
680_1-2,springMig,6.46153846153846,22.4842540010325,0.41917083890634
680_1-2,summer,82.8237351991389,2808.8768631374,-0.345236101438627
681_1-2,springMig,8.97435897435897,27.7655677655678,0.889988743221755
681_1-2,summer,90.3557609009529,2793.43376735125,-0.582759770470483
682_1-2,springMig,30.3396226415094,48.9502246181491,0.53913522250243
682_1-2,summer,52.8956192536506,1639.52602354123,0.00867108663940088
683_1-2,springMig,18.4710144927536,49.5648471384746,0.881817589726935
683_1-2,summer,93.4474239228683,2617.09601430818,-0.528122653451743
685_1-2,springMig,11.6034482758621,63.5079996025042,0.902576223205179
685_1-2,summer,61.5546021840874,1486.59046261968,-0.3776991780946
687_1-2,springMig,38.0519480519481,73.4183185235817,0.572075300155369
687_1-2,summer,81.0943152454781,1339.22806762656,-0.391193668103706
688_1-2,springMig,6.31609195402299,22.2289881071025,0.371688804889867
688_1-2,summer,55.2251138581653,1871.16505734141,0.127371173566861
689_1-2,springMig,27.5281690140845,23.1304065527919,0.0388963141829535
689_1-2,summer,79.6077931536781,1745.16524343407,-0.378451021108634
691_1-2,springMig,15.6516853932584,116.20684371808,0.823338390134209
691_1-2,summer,66.8421474358974,1806.52417077745,-0.59796113169765
692_1-2,springMig,25.3706293706294,59.6996946715257,-0.152902565692501
692_1-2,summer,74.0180817610063,1625.04646804522,-0.148886998898816
697_1-2,springMig,19.7582697201018,90.5051929168614,0.370697505922527
697_1-2,summer,98.6529562982005,2783.85931069133,0.10876570378382
698_1-2,springMig,18.4805389221557,80.2679865157242,0.899670990691203
698_1-2,summer,73.4024807527802,1744.75920650904,0.22054040832638
7_1-2,springMig,35.6,859.3,0.866025403784439
7_1-2,summer,56.2092555331992,407.863381904329,-0.310072469308393
701_2-3,springMig,10.6936416184971,43.3649011963974,0.914388407919257
701_2-3,summer,87.5767946577629,2890.07388044401,-0.22665505151421
702_2-3,springMig,8.55458515283843,41.1867003753926,0.768766173987409
702_2-3,summer,83.6333333333334,2113.35621890547,0.0572173554414757
707_2-3,springMig,9.29326923076923,47.1164762170197,0.839124801986652
707_2-3,summer,79.9238938053097,2296.59296268136,0.0268573122288305
710_1-2,springMig,10.8355828220859,47.189149997739,0.763727463303623
710_1-2,summer,51.2396800825593,1809.40447411698,0.286516593125859
710_2-3,springMig,10.1586206896552,54.041553906591,0.499754980188143
710_2-3,summer,57.1568713130872,1246.8412076917,0.232306138451156
711_1-2,springMig,65.4365325077399,536.867853777667,0.787478693510187
711_1-2,summer,104.199380565234,2455.67563175563,-0.395000355372046
711_2-3,springMig,29.8727915194346,112.693704580305,0.571780201596656
711_2-3,summer,112.547005846105,3006.43904326182,0.01199856424534
712_2-3,springMig,17.0816326530612,136.865096807954,-0.0428948136533905
712_2-3,summer,181.476,1750.74841767068,-0.497977457079211
714_1-2,springMig,24.2944862155388,233.992220362819,0.382099097889887
714_1-2,summer,66.8883161512028,2048.69945092786,-0.799319282967144
714_2-3,springMig,26.212962962963,113.191645133506,0.646126582710057
714_2-3,summer,59.3963553530752,1430.66370391919,0.0729531634869574
715_1-2,springMig,30.8494208494209,322.624524857083,0.840418108218641
715_1-2,summer,60.4200146092038,1570.91390034075,0.175137892966951
715_2-3,springMig,28.3992805755396,103.701817663781,0.559366837854375
715_2-3,summer,58.9011547344111,1341.23670460299,0.0272862004748
716_1-2,springMig,21.9497991967872,300.413973802655,0.890602926055494
716_1-2,summer,85.0628765060241,2504.77254740105,0.0542617704449418
716_2-3,springMig,26.3839285714286,118.344182456887,0.774976969340587
716_2-3,summer,98.3849425106316,3336.82281041336,-0.198787543953631
717_1-2,springMig,22.7956448911223,144.723269591807,0.645160313908646
717_1-2,summer,74.8391197116297,2757.8280025646,-0.109249880032596
717_2-3,springMig,26.2541528239203,189.001854605558,0.329525121142771
717_2-3,summer,109.671756952258,3927.67101731455,-0.165710202029015
718_1-2,springMig,34.5704918032787,346.179574889204,-0.0629785424750198
718_1-2,summer,94.5722433460076,1580.54639588969,-0.496556039642623
718_2-3,springMig,30.5995055624227,103.678514606714,0.85444369342772
718_2-3,summer,69.1866370808679,979.064294877875,0.368376865509754
719_1-2,springMig,20.1014084507042,246.865393490889,0.879088177659958
719_1-2,summer,72.7242086085174,1830.95376232914,0.121421900352337
719_2-3,springMig,33.9457831325301,576.221285140562,0.879937648489693
719_2-3,summer,91.6366975172616,3828.71738950341,-0.385780477271747
720_1-2,springMig,8.62306368330465,55.3904326666271,0.225698271584307
720_1-2,summer,67.486243683324,2125.33596759841,0.176076104616988
720_2-3,springMig,10.7293934681182,43.3877172327922,0.607337144140197
720_2-3,summer,59.5245492903721,1738.91317047589,0.256713685105166
721_1-2,springMig,11.8035264483627,62.5237706506237,0.212586061254914
721_1-2,summer,61.7562897847833,1739.84113310702,-0.13246166960645
721_2-3,springMig,20.1105610561056,79.0695167782674,0.738240216384327
721_2-3,summer,51.7642666666667,975.795575282297,0.127459464306926
722_1-2,springMig,12.2086834733894,61.163963762223,0.668394816414771
722_1-2,summer,54.3393422655299,2189.43087139964,-0.0992475721484339
722_2-3,springMig,18.9471032745592,86.8179019413276,0.504519406258209
722_2-3,summer,50.9208251473477,1367.39380871181,0.425828084993023
723_1-2,springMig,23.0909090909091,173.410018552876,0.162101442492075
723_1-2,summer,80.9951424870466,3073.02021931573,-0.00912509903751893
723_2-3,springMig,24.2792792792793,141.792250081407,0.622216193589136
723_2-3,summer,99.3224893917963,3620.46438310747,-0.110057688646982
724_1-2,springMig,7.19812583668005,26.2100232924549,0.397489827599136
724_2-3,springMig,24.0669144981413,234.413416190423,0.326310735479361
724_2-3,summer,162.372039724981,6660.84848368038,-0.191011369727231
726_1-2,springMig,27.3567073170732,234.291331021108,0.79624185978714
726_1-2,summer,100.678900809336,2332.99326144216,-0.144794604228482
726_2-3,springMig,28.0403225806452,489.302011231553,0.929650569268435
726_2-3,summer,92.8005177621171,3148.67352102072,0.0955638919445328
727_1-2,springMig,49.5333333333333,115.085057471264,0.60519733288031
727_1-2,summer,117.040740740741,881.894441008727,0.186280556827742
727_2-3,springMig,43.6944444444444,318.618253968254,0.0456185945791708
727_2-3,summer,91.8482871125612,1037.12563840109,-0.0528638230805472
728_1-2,springMig,56.1875,85.2291666666667,-0.00445455044495371
728_1-2,summer,138.511396011396,1575.53410675023,-0.120216111064605
729_1-2,springMig,28.8412698412698,210.651817716334,-0.683348379400754
729_1-2,summer,120.133734939759,5006.86387867513,-0.042307008249216
729_2-3,springMig,40.2465753424658,83.4383561643836,-0.225927351670687
729_2-3,summer,108.268744734625,4693.85604589347,0.439582041624063
730_1-2,springMig,57.9545454545455,1278.42640692641,0.864423547906603
730_1-2,summer,57.1550387596899,458.240460893433,-0.291684991926539
730_2-3,springMig,87.7971014492754,162.16410912191,0.759079569905706
730_2-3,summer,97.2831325301205,392.880318858516,-0.0238594996046306
733_1-2,springMig,63.3333333333333,1151.46666666667,0.828571428571429
733_1-2,summer,112.103448275862,2311.06382445141,-0.0364581895693581
733_2-3,springMig,60.7692307692308,2254.18461538462,0.774105293738848
733_2-3,summer,94.8745098039216,4327.16485987065,-0.523415229609402
734_1-2,springMig,17.0625,80.2540322580645,0.609485678618074
734_1-2,summer,75.0173501577287,990.247723772931,-0.0567867462244642
736_2-3,springMig,10.4285714285714,133.956043956044,0.307187008781066
736_2-3,summer,56.7254335260116,1879.89266623725,-0.187582651538142
737_1-2,springMig,66.4827586206897,446.115763546798,-0.571710971198602
737_1-2,summer,120.91935483871,876.862170087977,-0.0194830846496197
737_2-3,springMig,43.0540540540541,310.83033033033,-0.26025560294071
737_2-3,summer,81.8561278863233,637.294210602833,0.0598718910868005
739_1-2,springMig,13.625,39.1141304347826,0.63714162968973
739_1-2,summer,79.5767918088737,1084.93169977539,-0.254618323048458
739_2-3,springMig,16.2692307692308,106.279034690799,0.424193868054723
739_2-3,summer,46.8568994889268,830.279828595682,-0.181877370723456
740_2-3,springMig,15.3270042194093,158.258592697657,0.599573374460403
740_2-3,summer,53.8666666666667,916.387958115183,0.105070140393683
741_1-2,springMig,40.3333333333333,122.333333333333,-0.5
741_1-2,summer,97.0017793594306,2987.65953337013,-0.520749367531861
741_2-3,springMig,25,88.5,0
741_2-3,summer,125.988596491228,5087.72506738752,-0.100647466170898
743_1-2,springMig,33.375,79.9821428571429,0.80511756018254
743_1-2,summer,84.9968253968254,1115.94911550206,-0.0724670536285279
747_1-2,springMig,17.92,94.91,0.00928087846640966
747_1-2,summer,70.2689210950081,941.458209963119,-0.128629641567059
747_2-3,springMig,18.9891304347826,81.1757047300526,0.854394626216794
747_2-3,summer,43.5515947467167,677.571111173807,0.0696928004499108
750_1-2,springMig,25.5668202764977,232.209634749957,-0.39847669856486
750_1-2,summer,130.587852494577,5081.07207811937,-0.691867568402355
750_2-3,springMig,24.7222222222222,151.977124183007,-0.0258800419870523
750_2-3,summer,30.5284974093264,116.338146827266,0.642684883779859
751_1-2,springMig,70.4705882352941,476.764705882353,-0.341387601711508
751_1-2,summer,129.873873873874,1103.85764545584,-0.377325025546729
751_2-3,springMig,68,183.309090909091,0.945165764770996
751_2-3,summer,77.4300341296928,266.67060171116,-0.244132521298713
752_1-2,springMig,68.2352941176471,49.1550802139038,0.701567092554375
752_1-2,summer,120.702205882353,968.504157187737,0.000116274864367635
752_2-3,springMig,25.2452830188679,172.015453728661,-0.547660604949674
752_2-3,summer,116.308193668529,4653.77724873785,0.0566028908762021
753_1-2,springMig,113.660377358491,86.3055152394775,-0.0906476696530209
753_1-2,summer,177.394859813084,1649.42451684213,-0.405150531985708
753_2-3,springMig,84.3731343283582,180.782903663501,0.788707849453964
753_2-3,summer,101.44347826087,992.811476238625,-0.700992965036416
755_1-2,springMig,39.525,58.9224358974359,0.599509105597191
755_1-2,summer,81.7777777777778,1074.42656012177,-0.416875081898429
756_1-2,springMig,49.7931034482759,189.312807881773,0.1369431611841
756_1-2,summer,121.044859813084,760.732066225629,-0.00022992136570035
756_2-3,springMig,37.1315789473684,391.684921763869,-0.291584779734872
756_2-3,summer,86.709886547812,667.498489759835,0.34106370693042
757_1-2,springMig,70.6756756756757,129.391891891892,0.338883861634665
757_1-2,summer,130.576530612245,711.334848590203,0.253022986771553
758_1-2,springMig,16.6585365853659,110.980487804878,0.528329499187816
758_1-2,summer,76.368580060423,1436.53565274623,-0.447867844336597
758_2-3,springMig,19.6176470588235,91.6978609625668,0.752694926260546
758_2-3,summer,62.0543766578249,1806.82705253258,-0.3003251194434
761_1-2,springMig,20.462962962963,120.437867774316,-0.192688164877672
761_1-2,summer,77.683257918552,1064.71523287447,0.189212679292069
761_2-3,springMig,28.7933884297521,144.788685448153,0.65408130391755
761_2-3,summer,141.241854636592,2324.25887334396,-0.293653261466999
762_1-2,springMig,12.2048192771084,125.555098442551,0.23051610505985
762_1-2,summer,131.116684841876,5056.5333130152,-0.712134676213784
763_1-2,springMig,38.2887931034483,188.206280788177,0.390347038997726
763_1-2,summer,93.2909535452323,474.672491490484,-0.0420797224327988
763_2-3,springMig,30.8533333333333,83.7484684684685,0.435568578468431
763_2-3,summer,52.8170055452865,939.56089546108,-0.289013114887205
766_1-2,springMig,57.1666666666667,409.710144927536,0.905940152168603
766_1-2,summer,65.8904109589041,372.586858347132,-0.174475888559817
766_2-3,springMig,58.3023255813954,178.120708748616,0.689180131582872
766_2-3,summer,123.184027777778,4128.00572108331,-0.468614384378913
767_2-3,springMig,13,86.5161290322581,0.743522661059032
767_2-3,summer,97.2523255813954,2692.86873730947,-0.121715854999647
768_1-2,springMig,83.3243243243243,221.728989263236,0.826809045171854
768_1-2,summer,88.7781456953642,336.618391234516,0.0723465572013107
768_2-3,springMig,59.9153846153846,469.101311866428,0.692999779581739
768_2-3,summer,131.03313253012,4269.17176545378,-0.423995648148309
769_1-2,springMig,33.8,144.791803278689,-0.0328861881677927
769_1-2,summer,114.884381338742,5791.3134162442,-0.567655475659706
772_1-2,springMig,24.0732484076433,116.34925011701,0.696502542196503
772_1-2,summer,55.3370629370629,998.576705647294,0.0424072107633257
773_1-2,springMig,7.52674897119342,34.9775873210217,0.30993771345178
773_1-2,summer,90.0627719080174,4822.44568410279,-0.0736935127905953
778_1-2,springMig,33.093023255814,117.65780730897,0.121686428551203
778_1-2,summer,108.226860254084,3902.57138462755,-0.137927679411223
779_1-2,springMig,8.9126213592233,18.7864077669903,-0.149100661626875
779_1-2,summer,57.7958833619211,1443.0346954851,0.474483434440952
781_1-2,springMig,57.625,1059.27419354839,0.77792564182711
781_1-2,summer,106.562,4013.13729329329,-0.669093908054108
783_1-2,springMig,91.7837837837838,92.8963963963964,0.281240380271167
783_1-2,summer,118.040636042403,946.477991807124,-0.449268394975707
844_1-2,springMig,7.28947368421053,47.9774103400093,-0.201575123921542
844_1-2,summer,85.9577015163607,2799.46487679071,0.437068014700748
845_1-2,springMig,11.1646341463415,52.9208249421944,0.436876030511364
845_1-2,summer,88.3425114726742,3589.51243659471,0.0352088230611825
848_1-2,springMig,9.95334685598377,33.1949735318854,0.481358533088964
848_1-2,summer,95.9355711965349,2696.0538098442,0.290995826470665
849_1-2,springMig,22.6496894409938,267.986582614876,0.265907258924948
849_1-2,summer,118.407329105004,1986.244403228,-0.0490965642633069
851_1-2,springMig,11.85667752443,53.7114176832514,-0.243301005517497
851_1-2,summer,116.230897703549,5792.96379012946,-0.0157136324529578
852_1-2,springMig,11.9576271186441,29.2033173982327,0.668168408796223
852_1-2,summer,40.4041353383459,875.213014881837,0.538700546537358
854_1-2,springMig,12.8198198198198,16.5854217854218,0.524860555618839
854_1-2,summer,84.5337552742616,2733.56485726634,0.245743223431145
870_2-3,springMig,20.1282051282051,127.73829611249,0.119303762562304
870_2-3,summer,110.150090415913,4443.92496379272,-0.220178093711108
870_3-4,springMig,16.0142857142857,31.0867494824017,0.208786393667508
870_3-4,summer,76.8133116883117,4113.55696072221,-0.147446652823318
876_2-3,springMig,19.9491525423729,77.6008182349503,0.223200039001478
876_2-3,summer,47.0076481835564,1523.68576514802,0.199789458234455
878_2-3,springMig,9.64186046511628,30.2589871767007,0.466323714949498
878_2-3,summer,108.686427457098,2224.11245612325,-0.558021283524483
886_2-3,springMig,7.81818181818182,17.5940803382664,0.752416150970955
886_2-3,summer,123.296744890235,2417.35733030532,0.365083072169945
886_3-4,springMig,17.6940298507463,36.544776119403,0.677562411960338
886_3-4,summer,121.463796477495,3194.39427497026,-0.258570611569456
888_2-3,springMig,16.4539473684211,38.7793220634367,0.561901350931912
888_2-3,summer,107.460504201681,2203.02663610899,-0.13752106204145
9_1-2,springMig,29.2758620689655,259.900338847917,0.913257385272302
9_1-2,summer,71.6325757575758,1678.93292718055,0.0186910857738372
921_1-2,springMig,11.9662447257384,42.1510780456909,0.202493882933628
921_1-2,summer,61.2595505617978,3584.33844161914,0.132392451852472
922_1-2,springMig,10.7345309381238,51.6177674620789,0.715650281711627
922_1-2,summer,99.7116029510396,3739.99193910668,0.110269362439218
923_1-2,springMig,6.16867469879518,40.8980311489862,0.829742510810046
923_1-2,summer,89.3169424376602,5534.4044191806,-0.100059656411329
924_1-2,springMig,8.62576687116565,24.9810862005598,0.73549135733313
924_1-2,summer,40.0670698185816,2514.72157177235,-0.379001912278656
925_1-2,springMig,9.60761346998536,22.7431677565338,0.770883620858097
925_1-2,summer,26.6908602150538,665.603898452192,-0.0933026045667115
926_1-2,springMig,9.38461538461539,30.9230769230769,0.698071655021242
926_1-2,summer,91.503668261563,5296.33877084078,0.643798906585435
927_1-2,springMig,7.27642276422764,60.9831654294804,0.854750251475147
927_1-2,summer,50.409205867476,3443.66596784069,0.0296856391525794
928_1-2,springMig,12.1926229508197,32.7677483421416,0.832217480683393
928_1-2,summer,47.709026727181,3858.04193159515,0.124111763278727
930_1-2,springMig,10.7471698113208,25.380190462603,0.6612574163524
930_1-2,summer,66.3367501898254,4607.79882361627,0.446911849809448
931_1-2,springMig,5.94836488812392,16.9076740459374,0.638788559979845
931_1-2,summer,45.3370558375635,3703.89039864086,0.0785920035883444
932_1-2,springMig,6.05117270788913,17.5742988354929,0.678582609490202
932_1-2,summer,49.1857461024499,4063.56040279647,-0.0637412424814253
933_1-2,springMig,6.51086956521739,18.0455835738279,0.38950271001814
933_1-2,summer,44.480947476828,1968.37154384363,0.153513747346181
936_1-2,springMig,5.34013605442177,32.6643369676638,0.503986425063733
936_1-2,summer,66.8088,4388.41875422779,0.302986917594528
937_1-2,springMig,8.71212121212121,37.5004662004662,0.3313654640613
937_1-2,summer,106.192257644763,6779.40819255839,0.258155556505049
