id,p,year,propCrop
1294_1-2,fallMig,2006,0
1294_1-2,springMig,2006,0.00973547054774314
1294_1-2,winter1,2006,0.013114178007795
1306_1-2,fallMig,2006,0
1306_1-2,springMig,2006,4.59368827231384e-05
1306_1-2,winter1,2006,0.0119293137611711
1311_1-2,fallMig,2006,0.000117720263020702
1311_1-2,springMig,2006,9.27557740469344e-05
1311_1-2,winter1,2006,0.0118581212429345
143_1-2,fallMig,2006,0.00623031630836643
143_1-2,springMig,2006,0.0228710806320478
143_1-2,winter1,2006,0.107261201555972
145_1-2,fallMig,2006,0.00107588856868396
145_1-2,springMig,2006,0.0347737786302606
145_1-2,winter1,2006,0.000378644452858766
146_1-2,fallMig,2006,0.000162877818367964
146_1-2,springMig,2006,0.0203819567771372
146_1-2,winter1,2006,0.0112359550561798
147_1-2,fallMig,2006,0.00780714752322228
147_1-2,springMig,2006,0.0048820272474556
147_1-2,winter1,2006,0.0357206964638306
148_1-2,fallMig,2006,0.00102170033960744
148_1-2,springMig,2006,0.00101632091827584
148_1-2,winter1,2006,0.0190615835777126
149_1-2,fallMig,2006,0.00666370501999112
149_1-2,springMig,2006,0.0199726740314043
149_1-2,winter1,2006,0.0198373248983281
150_1-2,fallMig,2006,0.00833333333333333
150_1-2,springMig,2006,3.16987352204647e-05
150_1-2,winter1,2006,0.00920587392093779
151_1-2,fallMig,2006,0
151_1-2,springMig,2006,0.00032699923700178
151_1-2,winter1,2006,0.00716768027801911
152_1-2,fallMig,2006,2.37030013925513e-05
152_1-2,springMig,2006,0
152_1-2,winter1,2006,0.0326262426010366
153_1-2,fallMig,2006,0.0012232013678811
153_1-2,springMig,2006,0.00419269748715813
153_1-2,winter1,2006,0
852_1-2,fallMig,2006,5.26456849682212e-05
852_1-2,springMig,2006,0
852_1-2,winter1,2006,0.0357418701893627
854_1-2,fallMig,2006,0.0076430220834553
854_1-2,springMig,2006,0
854_1-2,winter1,2006,0
1294_1-2,winter2,2007,0.00275759883110736
1306_1-2,winter2,2007,0.0236852102161794
1311_1-2,winter2,2007,3.33633603576552e-05
143_1-2,winter2,2007,0.00938064575902163
145_1-2,winter2,2007,0.00875684845150494
146_1-2,winter2,2007,0.0288938053097345
147_1-2,winter2,2007,0.023709262733653
148_1-2,winter2,2007,0.0202325624801687
149_1-2,winter2,2007,0.0257350332332001
149_2-3,fallMig,2007,0.028556555365509
149_2-3,springMig,2007,0.0107628450241142
149_2-3,winter1,2007,0.0166300296282137
150_1-2,winter2,2007,0.0229689559008305
151_1-2,winter2,2007,0.0115909689616165
152_1-2,winter2,2007,0.0247847929647961
153_1-2,winter2,2007,0.00769465183605059
727_1-2,fallMig,2007,0.000501329282187619
727_1-2,springMig,2007,0.000173454896306495
727_1-2,winter1,2007,0.0323664977463139
728_1-2,fallMig,2007,0.017360256094558
728_1-2,springMig,2007,0.00580796732520635
728_1-2,winter1,2007,0.0149536504499628
729_1-2,fallMig,2007,0.0425121615597806
729_1-2,springMig,2007,0.0503930316549819
729_1-2,winter1,2007,0.155701952290708
730_1-2,fallMig,2007,0.00603649024439873
730_1-2,springMig,2007,0
730_1-2,winter1,2007,0.00426408926160188
733_1-2,fallMig,2007,0.00927206407840881
733_1-2,springMig,2007,0.00839476306760694
733_1-2,winter1,2007,0.0132939438700148
734_1-2,fallMig,2007,0.000300845873446117
734_1-2,springMig,2007,0.00416189011233397
734_1-2,winter1,2007,0.00638643536068421
737_1-2,fallMig,2007,0.000461826722613675
737_1-2,springMig,2007,0.00273075393919103
737_1-2,winter1,2007,0.0377017638288263
739_1-2,fallMig,2007,0.000192091325704564
739_1-2,springMig,2007,0.00356538690482278
739_1-2,winter1,2007,0.0359132711284151
741_1-2,fallMig,2007,0
741_1-2,springMig,2007,0.00140961545690336
741_1-2,winter1,2007,0.014293173214985
743_1-2,fallMig,2007,0.00665589046305981
743_1-2,springMig,2007,0
743_1-2,winter1,2007,0.0121808013056545
747_1-2,fallMig,2007,2.210254105547e-05
747_1-2,springMig,2007,4.11117437751681e-06
747_1-2,winter1,2007,0.0005801002413217
750_1-2,fallMig,2007,0.00335131874392574
750_1-2,springMig,2007,0.00459420521850488
750_1-2,winter1,2007,0
751_1-2,fallMig,2007,0.0158611763157317
751_1-2,springMig,2007,0.000270364219226758
751_1-2,winter1,2007,0.0302404595198318
752_1-2,fallMig,2007,0.0175580642176367
752_1-2,springMig,2007,0.00395053531413395
752_1-2,winter1,2007,0.0312903910334317
753_1-2,fallMig,2007,0.0353850149331256
753_1-2,springMig,2007,0.000181904172881726
753_1-2,winter1,2007,0.00095271830074141
755_1-2,fallMig,2007,0.000338690284669184
755_1-2,springMig,2007,0
755_1-2,winter1,2007,0.0073618700667881
756_1-2,fallMig,2007,0.0219846994684755
756_1-2,springMig,2007,0.00045991891799816
756_1-2,winter1,2007,0.0224735128966582
757_1-2,fallMig,2007,0.0264980083662893
757_1-2,springMig,2007,0.0389217439141796
757_1-2,winter1,2007,0.0135894771993618
758_1-2,fallMig,2007,0
758_1-2,springMig,2007,0.00186059440387004
758_1-2,winter1,2007,0.00102197240674502
761_1-2,fallMig,2007,0
761_1-2,springMig,2007,0.00137472629482919
761_1-2,winter1,2007,0.000966494845360825
762_1-2,fallMig,2007,0.00332695666638942
762_1-2,springMig,2007,0.00499203226121175
762_1-2,winter1,2007,0
763_1-2,fallMig,2007,0
763_1-2,springMig,2007,0.00509295398910169
763_1-2,winter1,2007,0.0104391507397669
766_1-2,fallMig,2007,0.000714285714285714
766_1-2,springMig,2007,0.00163959313799909
766_1-2,winter1,2007,0.00471709681902535
768_1-2,fallMig,2007,0.00390371373834697
768_1-2,springMig,2007,0.00100736886357687
768_1-2,winter1,2007,0.00107540757947262
852_1-2,winter2,2007,0.0247355618115724
854_1-2,winter2,2007,0.0275343974487531
149_2-3,winter2,2008,0.0235041150737747
149_3-4,fallMig,2008,0.0273706626581486
149_3-4,springMig,2008,0.0381082665624389
149_3-4,winter1,2008,0.057310312969165
305_2-3,fallMig,2008,0
305_2-3,springMig,2008,0.0270554754200616
305_2-3,winter1,2008,0.0655450247486294
308_2-3,fallMig,2008,0.0136103728758959
308_2-3,springMig,2008,0.0246835443037975
308_2-3,winter1,2008,0.0448934537671463
311_2-3,fallMig,2008,0.0268374255648911
311_2-3,springMig,2008,0.0134623317208535
311_2-3,winter1,2008,0.0604334226988383
312_2-3,fallMig,2008,0.0349007134874925
312_2-3,springMig,2008,0.0190137743557034
312_2-3,winter1,2008,0.0697110947018645
313_2-3,fallMig,2008,0.0191979949874687
313_2-3,springMig,2008,0.0253253136506773
313_2-3,winter1,2008,0.0706144963619583
314_2-3,fallMig,2008,0.0212587412587413
314_2-3,springMig,2008,0.0250664123697296
314_2-3,winter1,2008,0.0448885825867218
315_2-3,fallMig,2008,0.0279914064202759
315_2-3,springMig,2008,0.0351730270750951
315_2-3,winter1,2008,0.0937423761893145
318_2-3,fallMig,2008,0.114019295573097
318_2-3,springMig,2008,0.0423135464231355
318_2-3,winter1,2008,0.0777258661488987
319_2-3,fallMig,2008,0
319_2-3,springMig,2008,0.0187223603085961
319_2-3,winter1,2008,0.0527974165634651
321_2-3,fallMig,2008,0.0169162952078729
321_2-3,springMig,2008,0.0114304710274638
321_2-3,winter1,2008,0.0595797499778349
322_2-3,fallMig,2008,0.0887174335848169
322_2-3,springMig,2008,0.0272986614000439
322_2-3,winter1,2008,0.0889562535932682
323_2-3,fallMig,2008,0.0631846149601302
323_2-3,springMig,2008,0.101480309095987
323_2-3,winter1,2008,0.0896777206912658
325_2-3,fallMig,2008,0.0107377106989209
325_2-3,springMig,2008,0.0206476158738093
325_2-3,winter1,2008,0.0546622810372524
326_2-3,fallMig,2008,0.0816619154279509
326_2-3,springMig,2008,0.101155255001409
326_2-3,winter1,2008,0.0410467825775229
328_2-3,fallMig,2008,0
328_2-3,springMig,2008,0.0379536836403034
328_2-3,winter1,2008,0.0525485807304914
331_2-3,fallMig,2008,0.0281097261523351
331_2-3,springMig,2008,0.00226029302670623
331_2-3,winter1,2008,0.0465262276785714
332_2-3,fallMig,2008,0.196190570099755
332_2-3,springMig,2008,0.214546208039785
332_2-3,winter1,2008,0.0503094218577416
333_2-3,fallMig,2008,0.0125509225976516
333_2-3,springMig,2008,0.0201669138644766
333_2-3,winter1,2008,0.0589123585450885
334_2-3,fallMig,2008,0.0581042566884251
334_2-3,springMig,2008,0.0314980534910764
334_2-3,winter1,2008,0.0587214509628303
470_2-3,fallMig,2008,0.0928846153846154
470_2-3,springMig,2008,0.0531861848884752
470_2-3,winter1,2008,0.0638620358218887
727_1-2,winter2,2008,0.0292771358871941
727_2-3,fallMig,2008,0.0264941034967109
727_2-3,springMig,2008,0.000481772924361651
727_2-3,winter1,2008,0.0080004368839254
728_1-2,winter2,2008,0.0151255297254833
729_1-2,winter2,2008,0.0649236135150846
729_2-3,fallMig,2008,0.0615275388984441
729_2-3,springMig,2008,0.0679539617616285
729_2-3,winter1,2008,0.0649081807352051
729_2-3,winter2,2008,0.0902950074432155
730_1-2,winter2,2008,0.0283884329216844
730_2-3,fallMig,2008,0.0118712326603669
730_2-3,springMig,2008,4.13890153553247e-05
730_2-3,winter1,2008,0.00207221129530767
733_1-2,winter2,2008,0.0150012992464371
733_2-3,fallMig,2008,0.00767404880971585
733_2-3,springMig,2008,0.0055666889334224
733_2-3,winter1,2008,0.0182215743440233
734_1-2,winter2,2008,0.0159152480692249
736_2-3,fallMig,2008,0.00149405772495756
736_2-3,springMig,2008,0
736_2-3,winter1,2008,0.0121030088684309
737_1-2,winter2,2008,0.0359602413915513
737_2-3,springMig,2008,0.000564238560063195
737_2-3,winter1,2008,0.0449027159274209
739_1-2,winter2,2008,0.0101238496682764
739_2-3,fallMig,2008,5.27377483618337e-05
739_2-3,springMig,2008,0.00374686082896498
739_2-3,winter1,2008,0.0130563495304206
740_2-3,fallMig,2008,0.000735841696514061
740_2-3,springMig,2008,0.00258665287118469
740_2-3,winter1,2008,0.0097842526003889
741_1-2,winter2,2008,0.00991955276793019
741_2-3,springMig,2008,0.00523363003786452
741_2-3,winter1,2008,0.0152347826086957
743_1-2,winter2,2008,0.00539191846573489
747_1-2,winter2,2008,0.0108456086384321
747_2-3,fallMig,2008,2.48535710439328e-05
747_2-3,springMig,2008,0.00732304875750478
747_2-3,winter1,2008,0.0174445207046442
750_1-2,winter2,2008,0.00297405189620759
750_2-3,fallMig,2008,0
750_2-3,springMig,2008,0.0012085737644703
750_2-3,winter1,2008,0.0241382898081125
751_1-2,winter2,2008,0.0026394182327945
751_2-3,fallMig,2008,0.00908042663591813
751_2-3,springMig,2008,0.000266714082503556
751_2-3,winter1,2008,0.0066851514790685
752_1-2,winter2,2008,0.051386990226962
752_2-3,fallMig,2008,0.0514103979777147
752_2-3,springMig,2008,0.053300471495928
752_2-3,winter1,2008,0.0738455223370049
753_1-2,winter2,2008,0.0431709932420638
753_2-3,fallMig,2008,0.0231311986546406
753_2-3,springMig,2008,6.50195058517555e-05
753_2-3,winter1,2008,0.003778653881857
753_2-3,winter2,2008,0.0511485020340677
755_1-2,winter2,2008,0
756_1-2,winter2,2008,0.00204407998364736
756_2-3,fallMig,2008,0.02388442724922
756_2-3,springMig,2008,0.000473152197290128
756_2-3,winter1,2008,0.00379983036471586
757_1-2,winter2,2008,0.0218552153928116
758_1-2,winter2,2008,0.00793520942408377
758_2-3,fallMig,2008,0
758_2-3,springMig,2008,0.00135681316969593
758_2-3,winter1,2008,0.0038119224682198
761_1-2,winter2,2008,0.0144373208995094
761_2-3,springMig,2008,0.000291194433588512
761_2-3,winter1,2008,0.0134442741405737
762_1-2,winter2,2008,0.0219900162116178
763_1-2,winter2,2008,0.00753863550697324
763_2-3,fallMig,2008,0.00113727416061413
763_2-3,springMig,2008,0.00142529279976685
763_2-3,winter1,2008,0.00862872707994369
766_1-2,winter2,2008,0.00897933004868663
766_2-3,springMig,2008,0
766_2-3,winter1,2008,0.0106056621965115
767_2-3,fallMig,2008,0.000453424773996089
767_2-3,springMig,2008,0.000980338761505365
767_2-3,winter1,2008,0.00398694041564639
768_1-2,winter2,2008,0.00082024190184902
768_2-3,springMig,2008,0.00829465711209297
768_2-3,winter1,2008,0.00353863810252487
769_1-2,springMig,2008,0.00751226174954989
769_1-2,winter1,2008,0
772_1-2,fallMig,2008,0.0023296758016041
772_1-2,springMig,2008,0.00283901682663435
772_1-2,winter1,2008,0
773_1-2,springMig,2008,0.0024718326051966
773_1-2,winter1,2008,0.00521972749952025
778_1-2,springMig,2008,0.00859011916037092
778_1-2,winter1,2008,0.00500272077796697
779_1-2,fallMig,2008,0
779_1-2,springMig,2008,7.75133710565073e-06
779_1-2,winter1,2008,0.0123312906500244
781_1-2,fallMig,2008,0.00327968417856058
781_1-2,springMig,2008,0.00573465592064476
781_1-2,winter1,2008,0.00489464729747415
783_1-2,fallMig,2008,0.0182753066534506
783_1-2,springMig,2008,0
783_1-2,winter1,2008,0
149_3-4,winter2,2009,0.0555459008558891
211_1-2,fallMig,2009,0.00741063644289451
211_1-2,springMig,2009,0
211_1-2,winter1,2009,0
212_1-2,fallMig,2009,0.000496746913505458
212_1-2,springMig,2009,0
212_1-2,winter1,2009,0.019533279795928
215_1-2,fallMig,2009,0
215_1-2,springMig,2009,1.52518073391697e-05
215_1-2,winter1,2009,0.0127734589486461
217_1-2,fallMig,2009,0
217_1-2,springMig,2009,0
217_1-2,winter1,2009,0
218_1-2,fallMig,2009,0.077620430171239
218_1-2,springMig,2009,0.049902747386336
218_1-2,winter1,2009,0
305_2-3,winter2,2009,0.0815451695081325
308_2-3,winter2,2009,0.0717404312847676
308_3-4,fallMig,2009,0.0128729987157131
308_3-4,springMig,2009,0.0143821116697539
308_3-4,winter1,2009,0.0836673994568731
311_2-3,winter2,2009,0.0510144264451466
312_2-3,winter2,2009,0.0748133156535697
312_3-4,fallMig,2009,0.00147208696636847
312_3-4,springMig,2009,0.0329928051834479
312_3-4,winter1,2009,0.0743551654287643
313_2-3,winter2,2009,0.0728522830722055
313_3-4,fallMig,2009,0.0309939325702133
313_3-4,springMig,2009,0.0241594464322678
313_3-4,winter1,2009,0.0740204570804756
314_2-3,winter2,2009,0.0328157969325733
314_3-4,fallMig,2009,0.00972551852234032
314_3-4,springMig,2009,0.0204766428816883
314_3-4,winter1,2009,0.0535752754992129
315_2-3,winter2,2009,0.0869311891860397
318_2-3,winter2,2009,0.0574034969169693
318_3-4,fallMig,2009,0.0758053647570457
318_3-4,springMig,2009,0.110990243736615
318_3-4,winter1,2009,0.0557013053493729
319_2-3,winter2,2009,0.0454527421082561
321_2-3,winter2,2009,0.0481687553082696
322_2-3,winter2,2009,0.0645793510609983
322_3-4,fallMig,2009,0.153934642750628
322_3-4,springMig,2009,0.159108932304809
322_3-4,winter1,2009,0.0584169955221134
323_2-3,winter2,2009,0.0571838917550126
323_3-4,fallMig,2009,0.124143942223882
323_3-4,springMig,2009,0.10785804489575
323_3-4,winter1,2009,0.0715491821870511
325_2-3,winter2,2009,0.0417089065894279
325_3-4,fallMig,2009,0.0234144818128742
325_3-4,springMig,2009,0.0131509660694274
325_3-4,winter1,2009,0.0492882673857152
326_2-3,winter2,2009,0.0612864190635763
326_3-4,fallMig,2009,0.108923614680785
326_3-4,springMig,2009,0.0485143918291551
326_3-4,winter1,2009,0.0629785872803247
328_2-3,winter2,2009,0.101478144314543
328_3-4,fallMig,2009,0.00443407773492529
328_3-4,springMig,2009,0.0396469180131658
328_3-4,winter1,2009,0.0608053278115119
331_2-3,winter2,2009,0.0519802685979869
332_2-3,winter2,2009,0.0485717169678005
332_3-4,fallMig,2009,0.179636609339203
332_3-4,springMig,2009,0.259114351769518
332_3-4,winter1,2009,0.0485954242687518
333_2-3,winter2,2009,0.0652430790006752
333_3-4,fallMig,2009,0.000693521354678379
333_3-4,springMig,2009,0.0233109101284867
333_3-4,winter1,2009,0.0750384501227706
334_2-3,winter2,2009,0.0584283986532867
334_3-4,springMig,2009,0.010375982701108
334_3-4,winter1,2009,0.0599170912544057
335_2-3,fallMig,2009,0.0210371396415895
335_2-3,springMig,2009,0.0311698113207547
335_2-3,winter1,2009,0.0494503728464901
451_1-2,fallMig,2009,0.235555796669018
451_1-2,springMig,2009,0.0699395208973883
451_1-2,winter1,2009,0.098353603691682
452_1-2,fallMig,2009,0
452_1-2,springMig,2009,0.105802605251337
452_1-2,winter1,2009,0.11100863993787
453_1-2,fallMig,2009,0.00762636456366517
453_1-2,springMig,2009,0.0151294082246038
453_1-2,winter1,2009,0.0626050817039766
454_1-2,fallMig,2009,0.189590143324114
454_1-2,springMig,2009,0.064259583267059
454_1-2,winter1,2009,0.0929600434900788
455_1-2,fallMig,2009,0.00415470938450336
455_1-2,springMig,2009,0.0349852342049104
455_1-2,winter1,2009,0.0365981641138728
456_1-2,fallMig,2009,0.0191155197354825
456_1-2,springMig,2009,0.406219060540501
456_1-2,winter1,2009,0.174941959449002
457_1-2,fallMig,2009,0.0101943776779183
457_1-2,springMig,2009,0
457_1-2,winter1,2009,0.0551849848767101
470_2-3,winter2,2009,0.0632663355579699
470_3-4,fallMig,2009,0.127495191988859
470_3-4,springMig,2009,0.0740084055686893
470_3-4,winter1,2009,0.059293707309984
531_1-2,fallMig,2009,0.000313746212340134
531_1-2,springMig,2009,0.00119432456964505
531_1-2,winter1,2009,0.00482622006122817
532_1-2,fallMig,2009,0
532_1-2,springMig,2009,0
532_1-2,winter1,2009,0.00542952667790335
533_1-2,fallMig,2009,1.82862158504919e-05
533_1-2,springMig,2009,0
533_1-2,winter1,2009,0
534_1-2,fallMig,2009,0
534_1-2,springMig,2009,0.00234991853615741
534_1-2,winter1,2009,0.00190257823743201
535_1-2,fallMig,2009,0.00985475044233222
535_1-2,springMig,2009,0
535_1-2,winter1,2009,0.00148573185101696
539_1-2,fallMig,2009,0
539_1-2,springMig,2009,0
539_1-2,winter1,2009,0
540_1-2,fallMig,2009,0
540_1-2,springMig,2009,0
540_1-2,winter1,2009,4.09973843668774e-05
542_1-2,fallMig,2009,0.0094802222948676
542_1-2,springMig,2009,0.000693909020817271
542_1-2,winter1,2009,0.00426339655613974
544_1-2,fallMig,2009,0.00946191529709229
544_1-2,springMig,2009,0
544_1-2,winter1,2009,1.93986420950533e-05
547_1-2,fallMig,2009,0.000309731087045497
547_1-2,springMig,2009,0.0011183110367893
547_1-2,winter1,2009,1.71676766983124e-05
548_1-2,fallMig,2009,0
548_1-2,springMig,2009,0.000972347624197565
548_1-2,winter1,2009,2.00299113342592e-05
549_1-2,fallMig,2009,0
549_1-2,springMig,2009,0
549_1-2,winter1,2009,0
550_1-2,fallMig,2009,0.00057215423045256
550_1-2,springMig,2009,0.000267656183466148
550_1-2,winter1,2009,0.000139739211696172
553_1-2,springMig,2009,0.00040440804772015
553_1-2,winter1,2009,0
555_1-2,fallMig,2009,0.00469458014124563
555_1-2,springMig,2009,0.000772314368724946
555_1-2,winter1,2009,0
556_1-2,springMig,2009,0
556_1-2,winter1,2009,0
558_1-2,fallMig,2009,0
558_1-2,springMig,2009,0
558_1-2,winter1,2009,0.00601917334590602
560_1-2,fallMig,2009,0
560_1-2,springMig,2009,0.00113289331100384
560_1-2,winter1,2009,0.00208943698757693
561_1-2,fallMig,2009,0
561_1-2,springMig,2009,0
561_1-2,winter1,2009,0.00551300247498622
562_1-2,fallMig,2009,0.00216407633287429
562_1-2,springMig,2009,0
562_1-2,winter1,2009,0.00752854654538417
564_1-2,fallMig,2009,0.000258538224876548
564_1-2,springMig,2009,9.74362097314414e-05
564_1-2,winter1,2009,0.000160940885174868
565_1-2,fallMig,2009,0.00030614149710659
565_1-2,springMig,2009,7.03304122768768e-05
565_1-2,winter1,2009,0
653_1-2,fallMig,2009,0.00884884884884885
653_1-2,springMig,2009,0.00649074271121515
653_1-2,winter1,2009,0.421428571428571
727_2-3,winter2,2009,0.0381522027167011
730_2-3,winter2,2009,0.0131111061661363
733_2-3,winter2,2009,0.011513188861484
736_2-3,winter2,2009,0.00318287514223989
737_2-3,winter2,2009,0.00761224489795918
739_2-3,winter2,2009,0.0070610469948989
740_2-3,winter2,2009,0.00400203740085862
741_2-3,fallMig,2009,0.00660511118027458
741_2-3,winter2,2009,0.0139383910386965
747_2-3,winter2,2009,0.00699685789252049
750_2-3,winter2,2009,0.00787843779082828
751_2-3,winter2,2009,0.00484528930206743
752_2-3,winter2,2009,0.0559724260165909
756_2-3,winter2,2009,0.0121493737745588
758_2-3,winter2,2009,0.00673106342060405
761_2-3,fallMig,2009,4.05992448540457e-05
761_2-3,winter2,2009,0.000112828613336342
763_2-3,winter2,2009,0.00454748233533365
766_2-3,fallMig,2009,0.00569416348243051
766_2-3,winter2,2009,0.00922901362242351
767_2-3,winter2,2009,0.000495142253031074
768_2-3,fallMig,2009,0.0035277095898428
768_2-3,winter2,2009,0.0047781027887708
769_1-2,fallMig,2009,0.00667598199037417
769_1-2,winter2,2009,0.0243685323244687
772_1-2,winter2,2009,0.00620630782363934
773_1-2,fallMig,2009,0.00110641721987528
773_1-2,winter2,2009,0.00180048661800487
778_1-2,fallMig,2009,0.00644352611684522
778_1-2,winter2,2009,0.00566796491561382
779_1-2,winter2,2009,0.00305892401354666
781_1-2,winter2,2009,0.011002429598298
783_1-2,winter2,2009,0.0510851587470317
211_1-2,winter2,2010,0.000100230530219505
212_1-2,winter2,2010,0.00331662914276031
215_1-2,winter2,2010,0.0234708258949544
217_1-2,winter2,2010,0
218_1-2,winter2,2010,0.00357765752873306
308_3-4,winter2,2010,0.037980448789158
312_3-4,winter2,2010,0.0441721846199038
313_3-4,winter2,2010,0.061595182025248
314_3-4,winter2,2010,0.0323949527808107
318_3-4,winter2,2010,0.048586333849806
322_3-4,winter2,2010,0.0460459342023588
323_3-4,winter2,2010,0.0472181496652106
325_3-4,winter2,2010,0.0414172877961954
326_3-4,winter2,2010,0.0449944536882973
328_3-4,winter2,2010,0.038510605319948
332_3-4,winter2,2010,0.0818721023595535
333_3-4,winter2,2010,0.0355600057216421
334_3-4,fallMig,2010,0.0147989359229319
334_3-4,winter2,2010,0.0307137047580317
335_2-3,winter2,2010,0.0317155790041668
343_1-2,fallMig,2010,5.45513154305835e-05
343_1-2,springMig,2010,0.000650491120796201
343_1-2,winter1,2010,0
346_1-2,springMig,2010,0.000548476921778753
346_1-2,winter1,2010,0.00357355568790947
347_1-2,fallMig,2010,0.0166111430212522
347_1-2,springMig,2010,0.00125355970078075
347_1-2,winter1,2010,3.68039453829451e-05
348_1-2,fallMig,2010,0.0019830676531157
348_1-2,springMig,2010,0.000472143531633617
348_1-2,winter1,2010,0.00260767916554267
349_1-2,fallMig,2010,0.0021256908495261
349_1-2,springMig,2010,0.0063474791439971
349_1-2,winter1,2010,0.00488057780320366
350_1-2,fallMig,2010,0.00165497340726491
350_1-2,springMig,2010,0.0124327956989247
350_1-2,winter1,2010,1
351_1-2,fallMig,2010,0.00320090047310013
351_1-2,springMig,2010,0.0124327722288189
351_1-2,winter1,2010,0.00514309705408999
352_1-2,fallMig,2010,0.000107600433476032
352_1-2,springMig,2010,4.17466811388495e-05
352_1-2,winter1,2010,3.03643724696356e-05
353_1-2,fallMig,2010,0.000796178343949045
353_1-2,springMig,2010,0
353_1-2,winter1,2010,0.00551565546316509
355_1-2,fallMig,2010,0.000578942416939855
355_1-2,springMig,2010,0.00187852222917971
355_1-2,winter1,2010,0.00122652642142333
356_1-2,fallMig,2010,0.00604091686042191
356_1-2,springMig,2010,0.000627293960627294
356_1-2,winter1,2010,0.00234466588511137
451_1-2,winter2,2010,0.090819583078699
452_1-2,winter2,2010,0.0247467049224424
453_1-2,winter2,2010,0.051026410654761
454_1-2,winter2,2010,0.0955702958218969
454_2-3,fallMig,2010,0.067647674175326
454_2-3,springMig,2010,0.0988009781494044
454_2-3,winter1,2010,0.0968608817572831
455_1-2,winter2,2010,0.0363823856403977
456_1-2,winter2,2010,0.0845594072505954
457_1-2,winter2,2010,0.0289658536585366
460_2-3,fallMig,2010,0.0862158913058271
460_2-3,springMig,2010,0.187018078849924
460_2-3,winter1,2010,0.092384555404742
465_1-2,fallMig,2010,0.00744554085312191
465_1-2,springMig,2010,0.00323975760087015
465_1-2,winter1,2010,0.0330626073235253
466_1-2,fallMig,2010,0.0632476607840815
466_1-2,springMig,2010,0.0178557565406413
466_1-2,winter1,2010,0.0459199416533423
468_1-2,fallMig,2010,0.00666540564397727
468_1-2,springMig,2010,0.0118415196537977
468_1-2,winter1,2010,0.136096385542169
470_3-4,winter2,2010,0.0574958684189817
470_4-5,fallMig,2010,0.0657452372058274
470_4-5,springMig,2010,0.059488865406442
470_4-5,winter1,2010,0.057454086034759
531_1-2,winter2,2010,0.0015189608212864
532_1-2,winter2,2010,0.00332601791142433
533_1-2,winter2,2010,3.10694090598397e-05
534_1-2,winter2,2010,0.00195084713416315
535_1-2,winter2,2010,0.000749820695051183
539_1-2,winter2,2010,3.02096550057398e-05
540_1-2,winter2,2010,0
542_1-2,winter2,2010,0.00192984279203717
544_1-2,winter2,2010,0.00134942419456243
547_1-2,winter2,2010,0.000162507140465263
548_1-2,winter2,2010,5.80383052814858e-05
549_1-2,winter2,2010,4.3222683264177e-05
550_1-2,winter2,2010,0.0208205836870332
553_1-2,winter2,2010,0.000381260155590454
555_1-2,winter2,2010,9.49968334388854e-05
556_1-2,fallMig,2010,0
556_1-2,winter2,2010,0
558_1-2,winter2,2010,0
560_1-2,winter2,2010,0.00216212828627832
561_1-2,winter2,2010,0.00306904040469719
562_1-2,winter2,2010,0.00507047247584434
564_1-2,winter2,2010,0.00391868002357101
565_1-2,winter2,2010,0.00930704513076902
653_1-2,winter2,2010,0.0174770039421813
675_1-2,fallMig,2010,0
675_1-2,springMig,2010,0
675_1-2,winter1,2010,0
676_1-2,fallMig,2010,0.000804774998323386
676_1-2,springMig,2010,0.000863185153215365
676_1-2,winter1,2010,0.000897021887334051
677_1-2,fallMig,2010,0.000102944204241301
677_1-2,springMig,2010,0
677_1-2,winter1,2010,0
678_1-2,fallMig,2010,0
678_1-2,springMig,2010,0
678_1-2,winter1,2010,0
679_1-2,fallMig,2010,0.000285322985619722
679_1-2,springMig,2010,0
679_1-2,winter1,2010,4.68691413573303e-05
680_1-2,fallMig,2010,0.000142328494164532
680_1-2,springMig,2010,0.00080141048244911
680_1-2,winter1,2010,8.89125989152663e-05
681_1-2,fallMig,2010,0.00104463437796771
681_1-2,springMig,2010,0
681_1-2,winter1,2010,3.12061163988142e-05
682_1-2,fallMig,2010,0.0484191645235883
682_1-2,springMig,2010,0
682_1-2,winter1,2010,6.46872372080988e-05
683_1-2,fallMig,2010,0
683_1-2,springMig,2010,0
683_1-2,winter1,2010,4.53021654435082e-05
685_1-2,fallMig,2010,0
685_1-2,springMig,2010,0
685_1-2,winter1,2010,0.00578506771932213
686_1-2,fallMig,2010,0.0124729752203559
686_1-2,springMig,2010,0.0012987012987013
686_1-2,winter1,2010,0.0015793991416309
687_1-2,fallMig,2010,0.00377754459601259
687_1-2,springMig,2010,0.0357414448669202
687_1-2,winter1,2010,0.0127877237851662
688_1-2,fallMig,2010,0.0124635214007782
688_1-2,springMig,2010,0.0250260688216893
688_1-2,winter1,2010,0.00770745910764751
689_1-2,fallMig,2010,0.0108173076923077
689_1-2,springMig,2010,0
689_1-2,winter1,2010,0.00182543438577513
691_1-2,fallMig,2010,0.00512776685753354
691_1-2,springMig,2010,0
691_1-2,winter1,2010,0.00422494172494172
692_1-2,fallMig,2010,0.0071377014997193
692_1-2,springMig,2010,0
692_1-2,winter1,2010,0.00269942706037902
870_2-3,fallMig,2010,0.0608121557958994
870_2-3,springMig,2010,0.0732328283838586
870_2-3,winter1,2010,0.119146119477081
876_2-3,fallMig,2010,0.0830770572967786
876_2-3,springMig,2010,0.153846153846154
876_2-3,winter1,2010,0.0924217082876752
1463_1-2,fallMig,2011,2.65484376244458e-05
1463_1-2,springMig,2011,0.000436425622805036
1463_1-2,winter1,2011,0.00031986531986532
1468_1-2,fallMig,2011,0.00621027099364336
1468_1-2,springMig,2011,7.13436385255648e-05
1468_1-2,winter1,2011,0.00074888434647564
1472_1-2,fallMig,2011,0.00731635937957273
1472_1-2,springMig,2011,0.00213805742211362
1472_1-2,winter1,2011,0.000138612946449198
1474_1-2,fallMig,2011,0
1474_1-2,springMig,2011,0
1474_1-2,winter1,2011,0.000960503261489097
1476_1-2,springMig,2011,0.00095418709223411
1476_1-2,winter1,2011,0.0011217451490489
1482_1-2,springMig,2011,0.000602006688963211
1482_1-2,winter1,2011,0.000509352273691955
343_1-2,winter2,2011,0.00244278576275369
346_1-2,fallMig,2011,0.00147445895886138
346_1-2,winter2,2011,0
347_1-2,winter2,2011,0.00180537364154483
348_1-2,winter2,2011,0.00284304137193804
348_2-3,fallMig,2011,3.34532073262524e-05
348_2-3,springMig,2011,0.000161686240500933
348_2-3,winter1,2011,0.00301419663606452
349_1-2,winter2,2011,0
350_1-2,winter2,2011,0.00171698905876121
351_1-2,winter2,2011,0.0232805876739386
352_1-2,winter2,2011,0.0063595893522304
353_1-2,winter2,2011,0.0109282536391517
355_1-2,winter2,2011,0.00144492608647327
356_1-2,winter2,2011,0.00244238198854301
454_2-3,winter2,2011,0.0922713207940757
454_3-4,fallMig,2011,0.0328521652563464
454_3-4,springMig,2011,0.101280702839819
454_3-4,winter1,2011,0.119044160371877
460_2-3,winter2,2011,0.118717069499038
465_1-2,winter2,2011,0.0667690103367107
466_1-2,winter2,2011,0.0556266824240037
468_1-2,winter2,2011,0.101227591582229
468_2-3,fallMig,2011,0.0176826855768938
468_2-3,springMig,2011,0.0256320324035051
468_2-3,winter1,2011,0.102678571428571
470_4-5,winter2,2011,0.0810625367574985
470_5-6,fallMig,2011,0.084605972186272
470_5-6,springMig,2011,0.185170807453416
470_5-6,winter1,2011,0.0987269681742044
478_1-2,fallMig,2011,0.00569958082447905
478_1-2,springMig,2011,0.0256764053032575
478_1-2,winter1,2011,0.0705178527922904
479_1-2,fallMig,2011,0.0728291316526611
479_1-2,springMig,2011,0.0651764346453486
479_1-2,winter1,2011,0.076465855114595
675_1-2,winter2,2011,0
676_1-2,winter2,2011,0
677_1-2,winter2,2011,0
678_1-2,winter2,2011,0
679_1-2,winter2,2011,0.00450097847358121
680_1-2,winter2,2011,0
681_1-2,winter2,2011,0.0170511534603811
682_1-2,winter2,2011,0
683_1-2,winter2,2011,0.00208085612366231
685_1-2,winter2,2011,0
686_1-2,winter2,2011,0
687_1-2,winter2,2011,0.011085844229676
688_1-2,winter2,2011,0
689_1-2,winter2,2011,0
691_1-2,winter2,2011,0.00852977015841002
692_1-2,winter2,2011,0.00631067961165049
870_2-3,winter2,2011,0.092708260228788
870_3-4,fallMig,2011,0.0379228538792725
870_3-4,springMig,2011,0.102681699471304
870_3-4,winter1,2011,0.117836445589182
876_2-3,winter2,2011,0.117591334074715
878_2-3,fallMig,2011,0.0887138230607104
878_2-3,springMig,2011,0.18531631176349
878_2-3,winter1,2011,0.0978960642463662
886_2-3,fallMig,2011,0.0165548518992845
886_2-3,springMig,2011,0.0268670419676726
886_2-3,winter1,2011,0.102667249672059
921_1-2,fallMig,2011,0.0396636374522666
921_1-2,springMig,2011,0.000650996155190493
921_1-2,winter1,2011,0.000769796004058924
922_1-2,fallMig,2011,7.1812712445941e-05
922_1-2,springMig,2011,0.000114282449072884
922_1-2,winter1,2011,0.112664465950023
923_1-2,springMig,2011,0
923_1-2,winter1,2011,0.000922509225092251
924_1-2,fallMig,2011,0.0485338184931507
924_1-2,springMig,2011,0.0561285464606202
924_1-2,winter1,2011,0.304484131943124
925_1-2,fallMig,2011,0.0237280207513873
925_1-2,springMig,2011,0.00338297194085004
925_1-2,winter1,2011,0.00546231792273591
926_1-2,springMig,2011,0
926_1-2,winter1,2011,0.0785801968917737
927_1-2,fallMig,2011,0.104159724536266
927_1-2,springMig,2011,0
927_1-2,winter1,2011,0.400475139996606
927_1-2,winter2,2011,0.141723807924442
928_1-2,fallMig,2011,0.0215986126438594
928_1-2,springMig,2011,0.0425501340020262
928_1-2,winter1,2011,0.227717304830452
930_1-2,fallMig,2011,0.122592918476579
930_1-2,springMig,2011,0.0264981435524519
930_1-2,winter1,2011,0.268879707069935
931_1-2,fallMig,2011,0.0197517419504062
931_1-2,springMig,2011,0.0717275191326531
931_1-2,winter1,2011,0.354681704513032
932_1-2,fallMig,2011,0.021431168401917
932_1-2,springMig,2011,0.00196621603907964
932_1-2,winter1,2011,0.234514491149701
933_1-2,fallMig,2011,0.00165063872541984
933_1-2,springMig,2011,0.000294144836917698
933_1-2,winter1,2011,0.135871353186562
936_1-2,fallMig,2011,0
936_1-2,springMig,2011,0.00637894245195799
936_1-2,winter1,2011,0.296121949293105
937_1-2,fallMig,2011,0.0688665980069882
937_1-2,springMig,2011,0.0626537309017601
937_1-2,winter1,2011,0.310296554482601
140_1-2,fallMig,2012,0.0136270570144511
140_1-2,springMig,2012,0
140_1-2,winter1,2012,0.0397824056266828
1463_1-2,winter2,2012,0.000212463797287173
1463_2-3,fallMig,2012,4.47514059400033e-05
1463_2-3,springMig,2012,0
1463_2-3,winter1,2012,0
1467_1-2,fallMig,2012,0.000353269509308652
1467_1-2,springMig,2012,0.00416967509025271
1467_1-2,winter1,2012,0.000533825099485587
1468_1-2,winter2,2012,0.00143592790651614
1468_2-3,fallMig,2012,0.00434716160912904
1468_2-3,springMig,2012,2.25083280813901e-05
1468_2-3,winter1,2012,0.00135478566356467
1472_1-2,winter2,2012,0.00062761173872285
1472_2-3,fallMig,2012,0.00451918802785598
1472_2-3,springMig,2012,0.00507814992025518
1472_2-3,winter1,2012,0.000640179874930712
1474_1-2,winter2,2012,0.000221900785693152
1474_2-3,fallMig,2012,0
1474_2-3,springMig,2012,0
1474_2-3,winter1,2012,0.000262342720494012
1476_1-2,fallMig,2012,0.000964920646496833
1476_1-2,winter2,2012,0.000488450711467023
1476_2-3,fallMig,2012,0.00211031003024977
1476_2-3,springMig,2012,0.000345842479337676
1476_2-3,winter1,2012,0.000817292444314328
1482_1-2,fallMig,2012,0.00259614579359245
1482_1-2,winter2,2012,0.00011877895236964
1537_1-2,fallMig,2012,0.00609989256905625
1537_1-2,springMig,2012,0.00997804829375374
1537_1-2,winter1,2012,0.000317426727330441
1549_1-2,fallMig,2012,0.00375823253607721
1549_1-2,springMig,2012,0.0037105410593411
1549_1-2,winter1,2012,0
348_2-3,winter2,2012,0.000451134507977456
348_3-4,fallMig,2012,0.000191099031764906
348_3-4,springMig,2012,0
348_3-4,winter1,2012,0.000643549944072445
388_1-2,fallMig,2012,0.00286032099157794
388_1-2,springMig,2012,0.00474773691207191
388_1-2,winter1,2012,0.0149253731343284
389_1-2,fallMig,2012,0.00682159787258643
389_1-2,springMig,2012,0.0022211938917168
389_1-2,winter1,2012,0.015625
454_3-4,winter2,2012,0.110862553324316
468_2-3,winter2,2012,0.130212983037878
468_3-4,fallMig,2012,0.0102322786749199
468_3-4,springMig,2012,0.0107854401011747
468_3-4,winter1,2012,0.145449763282483
470_5-6,winter2,2012,0.119533527696793
478_1-2,winter2,2012,0.0564859727320399
478_2-3,fallMig,2012,0.00313257004884284
478_2-3,springMig,2012,0.0106509111560573
478_2-3,winter1,2012,0.0892534820442361
479_1-2,winter2,2012,0.0917993009618995
573_1-2,fallMig,2012,0.059711919520374
573_1-2,springMig,2012,0
573_1-2,winter1,2012,0.00145617855198694
575_1-2,fallMig,2012,0
575_1-2,springMig,2012,0.000630649569056128
575_1-2,winter1,2012,0.00198375989310309
578_1-2,fallMig,2012,2.2415744819161e-05
578_1-2,springMig,2012,0
578_1-2,winter1,2012,0.00254123069642067
581_1-2,fallMig,2012,0
581_1-2,springMig,2012,0
581_1-2,winter1,2012,8.94914647515493e-05
582_1-2,fallMig,2012,4.99881278196428e-05
582_1-2,springMig,2012,0
582_1-2,winter1,2012,0
583_1-2,fallMig,2012,0
583_1-2,springMig,2012,0.00182215743440233
583_1-2,winter1,2012,0.00197277830738269
586_1-2,springMig,2012,0.00137634882184541
586_1-2,winter1,2012,0.00136316427211355
588_1-2,fallMig,2012,0
588_1-2,springMig,2012,1.57250011793751e-05
588_1-2,winter1,2012,0.00143257394236742
591_1-2,fallMig,2012,1.56374611018155e-05
591_1-2,springMig,2012,3.58680057388809e-05
591_1-2,winter1,2012,0.000200150882973318
592_1-2,fallMig,2012,0
592_1-2,springMig,2012,0
592_1-2,winter1,2012,0.001254371293903
593_1-2,fallMig,2012,0.0063926548824438
593_1-2,springMig,2012,0.000302346675349443
593_1-2,winter1,2012,0.00140092989259538
594_1-2,fallMig,2012,0.0030152945207613
594_1-2,springMig,2012,0.00134832710137474
594_1-2,winter1,2012,0.00139272994966276
596_1-2,fallMig,2012,5.88384120689351e-06
596_1-2,springMig,2012,0.000382789771857296
596_1-2,winter1,2012,0
597_1-2,fallMig,2012,0
597_1-2,springMig,2012,0.00120144173007609
597_1-2,winter1,2012,0.00117175454825779
598_1-2,fallMig,2012,0.00258559100032887
598_1-2,springMig,2012,4.42327823894549e-05
598_1-2,winter1,2012,0
599_1-2,fallMig,2012,0.003182216482959
599_1-2,springMig,2012,4.24034261968367e-05
599_1-2,winter1,2012,0
602_1-2,fallMig,2012,0
602_1-2,springMig,2012,0
602_1-2,winter1,2012,0.00116912842299396
604_1-2,fallMig,2012,0.00538588926850374
604_1-2,springMig,2012,0.00399543378995434
604_1-2,winter1,2012,0.00576946288473144
605_1-2,fallMig,2012,0
605_1-2,springMig,2012,0.000544528368171439
605_1-2,winter1,2012,0.000111632060727841
606_1-2,fallMig,2012,0.00234828822148066
606_1-2,springMig,2012,0.000622257155957294
606_1-2,winter1,2012,0.000794868063096851
607_1-2,fallMig,2012,0.00242881296798261
607_1-2,springMig,2012,0.000184137399979912
607_1-2,winter1,2012,0.000854227270628434
697_1-2,fallMig,2012,0.0123263216555997
697_1-2,springMig,2012,0.0106259677882966
697_1-2,winter1,2012,0.0383990421619773
698_1-2,fallMig,2012,0.0181250657594781
698_1-2,springMig,2012,0
698_1-2,winter1,2012,0.0391797179198754
844_1-2,fallMig,2012,0.00185133147098203
844_1-2,springMig,2012,0
844_1-2,winter1,2012,0.00134998201124215
845_1-2,fallMig,2012,0.00199910948759189
845_1-2,springMig,2012,0.0013045385739563
845_1-2,winter1,2012,0.000543538611697185
847_1-2,fallMig,2012,0.00509876807184329
847_1-2,springMig,2012,0.00352526439482961
847_1-2,winter1,2012,0.0105995886726784
870_3-4,winter2,2012,0.110513523297306
878_2-3,winter2,2012,0.0926470133325084
886_2-3,winter2,2012,0.134200332042059
886_3-4,fallMig,2012,0.0102325830430631
886_3-4,springMig,2012,0.0129112100334325
886_3-4,winter1,2012,0.138072289156627
888_2-3,fallMig,2012,0.00320689950417597
888_2-3,springMig,2012,0.0105699870741775
888_2-3,winter1,2012,0.090044666100348
921_1-2,winter2,2012,0.166850495278399
922_1-2,winter2,2012,0.130050371012295
923_1-2,fallMig,2012,0.00182496231056098
923_1-2,winter2,2012,0.00911550468262227
924_1-2,winter2,2012,0.213155413494958
925_1-2,winter2,2012,0.00359293066614877
926_1-2,fallMig,2012,0.122150546345712
926_1-2,winter2,2012,0.131773445218414
928_1-2,winter2,2012,0.0911533367231
930_1-2,winter2,2012,0.14128499623229
931_1-2,winter2,2012,0.254653725635987
932_1-2,winter2,2012,0.128607354475482
933_1-2,winter2,2012,0.143429637593361
936_1-2,winter2,2012,0.153571356080135
937_1-2,winter2,2012,0.289258465622196
140_1-2,winter2,2013,0.0259943153184026
1463_2-3,winter2,2013,6.15747297309184e-05
1463_3-4,fallMig,2013,1.89962387447285e-05
1463_3-4,springMig,2013,2.31604789587049e-05
1463_3-4,winter1,2013,9.28476370276377e-05
1467_1-2,winter2,2013,0.00286032919601
1467_2-3,fallMig,2013,0
1467_2-3,springMig,2013,0.000288624087741723
1467_2-3,winter1,2013,0.00407478427612656
1468_2-3,winter2,2013,0.000252480247133607
1468_3-4,springMig,2013,0
1468_3-4,winter1,2013,0.000378448197846136
1472_2-3,winter2,2013,0.000230301983475833
1472_3-4,springMig,2013,0.00187469762941461
1472_3-4,winter1,2013,0.00177765827133937
1474_2-3,winter2,2013,8.16999532082086e-05
1474_3-4,springMig,2013,0
1474_3-4,winter1,2013,0.000111185234600845
1476_2-3,winter2,2013,0.000377979967061746
1476_3-4,fallMig,2013,0.00376843026007561
1476_3-4,springMig,2013,0.000258686577694162
1476_3-4,winter1,2013,0.000330466602722722
1537_1-2,winter2,2013,0.000436088164567214
1537_2-3,fallMig,2013,0
1537_2-3,springMig,2013,0.00027711065952337
1537_2-3,winter1,2013,0.00448853505825766
1539_2-3,fallMig,2013,0.000174969123095924
1539_2-3,springMig,2013,0.000164015089388224
1539_2-3,winter1,2013,0.00228945526101682
1549_1-2,winter2,2013,0.00459021248241653
1549_2-3,fallMig,2013,0.00110422967977339
1549_2-3,springMig,2013,0.000369344413665743
1549_2-3,winter1,2013,0.00398763467412976
348_3-4,winter2,2013,1.62898286310028e-05
388_1-2,winter2,2013,0
389_1-2,winter2,2013,0.0483870967741936
397_1-2,fallMig,2013,0.0330222800925926
397_1-2,springMig,2013,0.0222862256025949
397_1-2,winter1,2013,0.0265151515151515
402_1-2,fallMig,2013,0
402_1-2,springMig,2013,0.000510290865793502
402_1-2,winter1,2013,0
468_3-4,winter2,2013,0.0836319635128217
468_4-5,fallMig,2013,0.00837695821814403
468_4-5,springMig,2013,0.0117593273109219
468_4-5,winter1,2013,0.081075296434228
478_2-3,winter2,2013,0.0721626650128467
573_1-2,winter2,2013,0.00216756776728204
575_1-2,winter2,2013,0.0045072259462777
578_1-2,winter2,2013,0.00442274964587431
581_1-2,winter2,2013,3.62108922363847e-05
582_1-2,winter2,2013,0.00261962166172107
583_1-2,winter2,2013,0
586_1-2,fallMig,2013,0.0116000736512613
586_1-2,winter2,2013,0.0062858943829668
588_1-2,winter2,2013,0.00324327939012973
591_1-2,winter2,2013,0.00355154402479623
592_1-2,winter2,2013,5.95814403813212e-05
593_1-2,winter2,2013,0.00458007343687154
594_1-2,winter2,2013,0.00574052812858783
596_1-2,winter2,2013,6.14817091915155e-05
597_1-2,winter2,2013,0.00333725804879146
598_1-2,winter2,2013,3.4944263899081e-05
599_1-2,winter2,2013,0.0035312734238361
602_1-2,winter2,2013,0.00476644423260248
604_1-2,winter2,2013,0.00797196877057662
605_1-2,winter2,2013,0.0195787299809004
606_1-2,winter2,2013,0.00435422597903978
607_1-2,winter2,2013,0.00463337877871516
657_1-2,fallMig,2013,0.00619067271976888
657_1-2,springMig,2013,0.0132018934294524
657_1-2,winter1,2013,0.0128649183572489
697_1-2,winter2,2013,0.0449548517620457
698_1-2,winter2,2013,0.0306171302724183
844_1-2,winter2,2013,0.0003780922545101
845_1-2,winter2,2013,0.00110320641606734
847_1-2,winter2,2013,0.00779684094824799
848_1-2,fallMig,2013,0.00251648686378788
848_1-2,springMig,2013,0.00144235972623027
848_1-2,winter1,2013,0.015956066910365
849_1-2,fallMig,2013,0.00107194436198311
849_1-2,springMig,2013,0.000440427229758762
849_1-2,winter1,2013,0.00485150718552428
851_1-2,springMig,2013,0
851_1-2,winter1,2013,0.0124505281781158
886_3-4,winter2,2013,0.0728673889821456
888_2-3,winter2,2013,0.0702044143197272
1165_1-2,fallMig,2014,0
1165_1-2,springMig,2014,0.000265523146980338
1165_1-2,winter1,2014,0.00218653953941007
1166_1-2,fallMig,2014,3.258708899534e-05
1166_1-2,springMig,2014,0
1166_1-2,winter1,2014,0.000243800236181479
1167_1-2,fallMig,2014,0.00147226687166585
1167_1-2,springMig,2014,0.000754051247030034
1167_1-2,winter1,2014,0.000610297381269419
1170_1-2,fallMig,2014,0
1170_1-2,springMig,2014,0.000294893144601721
1170_1-2,winter1,2014,0.00248547597627362
1173_1-2,fallMig,2014,0.000881703265086407
1173_1-2,springMig,2014,0.000788183552185633
1173_1-2,winter1,2014,0.000920857420576047
1174_1-2,fallMig,2014,3.27085990907009e-05
1174_1-2,springMig,2014,0
1174_1-2,winter1,2014,0.0324492020458928
1176_1-2,fallMig,2014,0.000316250533672776
1176_1-2,springMig,2014,0.000292094851164396
1176_1-2,winter1,2014,0.000654220520185097
1178_1-2,fallMig,2014,1.46683486373104e-05
1178_1-2,springMig,2014,0
1178_1-2,winter1,2014,0
118_1-2,fallMig,2014,0
118_1-2,springMig,2014,0.0024748490945674
118_1-2,winter1,2014,0.00383007133068625
1181_1-2,fallMig,2014,1.18364206663905e-05
1181_1-2,springMig,2014,4.77532114034669e-05
1181_1-2,winter1,2014,0
119_1-2,fallMig,2014,0.0495109738406102
119_1-2,springMig,2014,0.0100082259391281
119_1-2,winter1,2014,0.00709362782636734
1233_1-2,fallMig,2014,0.194276741478734
1233_1-2,springMig,2014,0.376470588235294
1233_1-2,winter1,2014,0.206890312307748
1234_1-2,fallMig,2014,0.517605633802817
1234_1-2,springMig,2014,0.141799363057325
1234_1-2,winter1,2014,0.166731547804422
1234_1-2,winter2,2014,0.128171105009393
1235_1-2,fallMig,2014,0.0275332297600552
1235_1-2,springMig,2014,0
1235_1-2,winter1,2014,0.0446319341910989
1236_1-2,fallMig,2014,0.218608276643991
1236_1-2,springMig,2014,0.131010850942319
1236_1-2,winter1,2014,0.225378395189716
1239_1-2,fallMig,2014,0.00792507204610951
1239_1-2,springMig,2014,0.0147966482730431
1239_1-2,winter1,2014,0.052894504848663
1240_1-2,fallMig,2014,0.0229500151556704
1240_1-2,springMig,2014,0.0107499287140006
1240_1-2,winter1,2014,0.146968719767817
1245_1-2,fallMig,2014,0.05327074191244
1245_1-2,springMig,2014,0.0131274131274131
1245_1-2,winter1,2014,0.150305645451277
1246_1-2,fallMig,2014,0.156146915464527
1246_1-2,springMig,2014,0.0497370355708873
1246_1-2,winter1,2014,0.00997147126749083
1248_1-2,fallMig,2014,0.00965183321122543
1248_1-2,winter1,2014,0.0271393619935576
1249_1-2,fallMig,2014,0
1249_1-2,springMig,2014,0.0758173804354977
1249_1-2,winter1,2014,0.0029177557595283
1250_1-2,fallMig,2014,0.261880814684436
1250_1-2,springMig,2014,0.121961600302658
1250_1-2,winter1,2014,0.0712119323611284
1252_1-2,fallMig,2014,0.0361965278565755
1252_1-2,springMig,2014,0.0116186693147964
1252_1-2,winter1,2014,0.0392458486175206
1253_1-2,fallMig,2014,0.00390763765541741
1253_1-2,springMig,2014,0.0157878909382518
1253_1-2,winter1,2014,0.0531372116270918
134_1-2,fallMig,2014,0
134_1-2,springMig,2014,0.0193303417328271
134_1-2,winter1,2014,0.0336355659549576
134_1-2,winter2,2014,0.230769230769231
135_1-2,fallMig,2014,0.00449188347787414
135_1-2,springMig,2014,0
135_1-2,winter1,2014,1
135_1-2,winter2,2014,0.0921658986175115
1463_3-4,winter2,2014,0.00115467310806148
1463_4-5,fallMig,2014,0
1463_4-5,springMig,2014,0.000380150305582361
1463_4-5,winter1,2014,0.00198922203334659
1467_2-3,winter2,2014,0.00629097570381797
1467_3-4,fallMig,2014,0.00127595406565364
1467_3-4,springMig,2014,0.0027496226008195
1467_3-4,winter1,2014,0.00214267519741081
1468_3-4,fallMig,2014,0
1468_3-4,winter2,2014,0.00159497618264265
1472_3-4,fallMig,2014,0.00755442942942943
1472_3-4,winter2,2014,0.00139732159418319
1472_4-5,fallMig,2014,0.0066287384519025
1472_4-5,springMig,2014,0
1472_4-5,winter1,2014,0.00137991527962004
1474_3-4,fallMig,2014,0
1474_3-4,winter2,2014,0.000391060360166592
1474_4-5,fallMig,2014,0
1474_4-5,springMig,2014,0
1474_4-5,winter1,2014,0.000409292897793716
1476_3-4,winter2,2014,0.00132481115630447
1476_4-5,fallMig,2014,0.00151983232176738
1476_4-5,springMig,2014,3.57198137807042e-05
1476_4-5,winter1,2014,0.00127209902255461
1530_3-4,fallMig,2014,0.0101143807487357
1530_3-4,springMig,2014,0.00119756801572192
1530_3-4,winter1,2014,3.38489659140913e-05
1537_2-3,winter2,2014,0
1537_3-4,fallMig,2014,0.0017190912047577
1537_3-4,springMig,2014,0.00116805961131809
1537_3-4,winter1,2014,6.92589294548333e-05
1539_2-3,winter2,2014,0.000789293669864768
1539_3-4,fallMig,2014,1.45921494236101e-05
1539_3-4,springMig,2014,0.000913198115928098
1539_3-4,winter1,2014,0.000767956373175025
1549_2-3,winter2,2014,0.000629163076333894
1549_3-4,fallMig,2014,0.00430558622212409
1549_3-4,springMig,2014,0.000576111802858258
1549_3-4,winter1,2014,0.00042367111016962
1560_1-2,fallMig,2014,0.000207151920039359
1560_1-2,springMig,2014,0.000407605437936078
1560_1-2,winter1,2014,0.0130783115361474
1563_1-2,fallMig,2014,0
1563_1-2,springMig,2014,0
1563_1-2,winter1,2014,8.51643672287515e-05
1565_1-2,fallMig,2014,0.000167674577180608
1565_1-2,springMig,2014,0.000564052500271179
1565_1-2,winter1,2014,0.00656694956863295
1566_1-2,fallMig,2014,0.000862910184759554
1566_1-2,springMig,2014,0.000377183311089189
1566_1-2,winter1,2014,0.00410263276176997
1568_1-2,fallMig,2014,0
1568_1-2,springMig,2014,0.00103459045834309
1568_1-2,winter1,2014,0.0144257891202149
172_1-2,fallMig,2014,0.000526805082119616
172_1-2,springMig,2014,0.00390120266375112
172_1-2,winter1,2014,0.00719424460431655
173_1-2,fallMig,2014,0.00821876301935386
173_1-2,springMig,2014,0.0179072276159655
173_1-2,winter1,2014,0.00215362526920316
174_1-2,fallMig,2014,0
174_1-2,springMig,2014,0.00842418235877106
174_1-2,winter1,2014,0.0105867140779053
184_1-2,fallMig,2014,0.0028258221680877
184_1-2,springMig,2014,0.0040137000963288
184_1-2,winter1,2014,0
186_1-2,fallMig,2014,0
186_1-2,springMig,2014,0.00612661674608577
186_1-2,winter1,2014,0.233333333333333
187_1-2,fallMig,2014,0.0153686396677051
187_1-2,springMig,2014,0
187_1-2,winter1,2014,0.25
188_1-2,fallMig,2014,0.00211881896480559
188_1-2,springMig,2014,0.00420550617819207
188_1-2,winter1,2014,0.120879120879121
223_1-2,fallMig,2014,0
223_1-2,springMig,2014,1.70604793994711e-05
223_1-2,winter1,2014,0
224_1-2,fallMig,2014,0
224_1-2,springMig,2014,0
224_1-2,winter1,2014,0
265_1-2,fallMig,2014,0.000591060214259328
265_1-2,springMig,2014,0.000294516110031219
265_1-2,winter1,2014,0
266_1-2,fallMig,2014,0.00169319336268202
266_1-2,springMig,2014,0.00295339640586675
266_1-2,winter1,2014,0
278_1-2,fallMig,2014,0
278_1-2,springMig,2014,0
278_1-2,winter1,2014,0
279_1-2,fallMig,2014,8.06224049663402e-05
279_1-2,springMig,2014,8.30840810900631e-05
279_1-2,winter1,2014,0.000282865426773213
280_1-2,fallMig,2014,0
280_1-2,springMig,2014,0
280_1-2,winter1,2014,0
397_1-2,winter2,2014,0.0328947368421053
402_1-2,winter2,2014,0.0237529691211401
468_4-5,winter2,2014,0.082136784432269
637_1-2,fallMig,2014,0
637_1-2,springMig,2014,0.00778870772133136
637_1-2,winter1,2014,0.0191476518169745
638_1-2,fallMig,2014,5.16876001447253e-05
638_1-2,springMig,2014,0.00123733207636107
638_1-2,winter1,2014,0
639_1-2,fallMig,2014,0.00188014608951224
639_1-2,springMig,2014,0.00930978303033438
639_1-2,winter1,2014,0
657_1-2,winter2,2014,0.0148059754265005
657_2-3,fallMig,2014,0
657_2-3,springMig,2014,0.00147802667017014
657_2-3,winter1,2014,0.0526315789473684
658_1-2,fallMig,2014,0.0407596865476709
658_1-2,springMig,2014,0.00267693736512879
658_1-2,winter1,2014,0.19047619047619
701_2-3,fallMig,2014,0.00834892157272885
701_2-3,springMig,2014,0.00237152155814012
701_2-3,winter1,2014,0.0462191840222423
702_2-3,fallMig,2014,0.0130279351711859
702_2-3,springMig,2014,0.0244552344860256
702_2-3,winter1,2014,0.0439718350337692
707_2-3,fallMig,2014,0.0166855408042792
707_2-3,springMig,2014,0.0237178650659011
707_2-3,winter1,2014,0.0557806635889601
848_1-2,winter2,2014,0.0216835164023249
849_1-2,winter2,2014,0.00721494055443333
851_1-2,fallMig,2014,0
851_1-2,winter2,2014,0.00685597374917158
1165_1-2,winter2,2015,0.000305944055944056
1166_1-2,winter2,2015,0.000232661845396204
1166_2-3,fallMig,2015,0
1166_2-3,springMig,2015,0.000678192100786243
1166_2-3,winter1,2015,0.000391510962306945
1167_1-2,winter2,2015,0.000462962962962963
1167_2-3,fallMig,2015,0.00090580128753183
1167_2-3,springMig,2015,0.000841928015154704
1167_2-3,winter1,2015,6.69321642515311e-05
1170_1-2,winter2,2015,0.000302103595032781
1173_1-2,winter2,2015,0.000438851395428829
1173_2-3,fallMig,2015,1.54278132617483e-05
1173_2-3,springMig,2015,0.00125893334011547
1173_2-3,winter1,2015,0.000581708499407519
1174_1-2,winter2,2015,0.0338245445541583
1176_1-2,winter2,2015,0.00827426924747587
1176_2-3,fallMig,2015,0.000498620483329455
1176_2-3,springMig,2015,0.000280769307903656
1176_2-3,winter1,2015,0.00290988820615543
1178_1-2,winter2,2015,0.00147724403543878
1178_2-3,fallMig,2015,0
1178_2-3,springMig,2015,0
1178_2-3,winter1,2015,0.00175890285248158
118_1-2,winter2,2015,0.0107636428065202
1181_1-2,winter2,2015,7.71277621379816e-05
1181_2-3,fallMig,2015,0
1181_2-3,springMig,2015,7.01360639640903e-05
1181_2-3,winter1,2015,0.000150568395693744
119_1-2,winter2,2015,0
122_1-2,fallMig,2015,0.00641713110286749
122_1-2,springMig,2015,0
122_1-2,winter1,2015,0.15251572327044
123_1-2,fallMig,2015,0.000666482160305904
123_1-2,springMig,2015,0.000984375984375984
123_1-2,winter1,2015,0.00614792274731417
1233_1-2,winter2,2015,0.180628177851502
1233_2-3,fallMig,2015,0
1233_2-3,springMig,2015,0.117208413001912
1233_2-3,winter1,2015,0.186729193438027
1235_1-2,winter2,2015,0.0276113427395974
1236_1-2,winter2,2015,0.28956554028964
1239_1-2,winter2,2015,0.040033077865887
1240_1-2,winter2,2015,0.092514096447301
1240_2-3,fallMig,2015,0.0672366886902449
1240_2-3,springMig,2015,0.00167662160746097
1240_2-3,winter1,2015,0.0308082456624903
1245_1-2,winter2,2015,0.123986733599864
1246_1-2,winter2,2015,0.0887255622519477
1248_1-2,winter2,2015,0.0279096202332654
1248_2-3,fallMig,2015,0.00696216784266627
1248_2-3,springMig,2015,0.0222755095601691
1248_2-3,winter1,2015,0.0262540890392688
1249_1-2,winter2,2015,0.196052009693996
1249_2-3,fallMig,2015,0.0706041257367387
1249_2-3,springMig,2015,0.102648131508008
1249_2-3,winter1,2015,0.162293853073463
1250_1-2,winter2,2015,0.165009150326797
1252_1-2,winter2,2015,0.126006028769906
1252_2-3,fallMig,2015,0.0255964790363679
1252_2-3,springMig,2015,0.00936894249407711
1252_2-3,winter1,2015,0.065023195184603
1253_1-2,winter2,2015,0.0374251357569322
137_1-2,fallMig,2015,0
137_1-2,springMig,2015,0
137_1-2,winter1,2015,1
137_1-2,winter2,2015,0.00946116801386502
139_1-2,fallMig,2015,0
139_1-2,springMig,2015,0.00106128946670204
139_1-2,winter1,2015,0.00434782608695652
1463_4-5,winter2,2015,0.000209020902090209
1467_3-4,winter2,2015,0.00673524885637793
1472_4-5,winter2,2015,0.00602370052351434
1474_4-5,winter2,2015,0.000433460436575933
1476_4-5,winter2,2015,0.00438743161358499
1483_1-2,fallMig,2015,0
1483_1-2,springMig,2015,0
1483_1-2,winter1,2015,0.113300726530225
1483_1-2,winter2,2015,0.13273705873041
1485_1-2,fallMig,2015,0
1485_1-2,springMig,2015,0
1485_1-2,winter1,2015,0.0887867817692379
1487_1-2,fallMig,2015,0
1487_1-2,springMig,2015,0
1487_1-2,winter1,2015,0.122837306689197
1487_1-2,winter2,2015,0.133328691777484
1492_1-2,fallMig,2015,0
1492_1-2,springMig,2015,0
1492_1-2,winter1,2015,0.124249656469227
1492_1-2,winter2,2015,0.161562901372271
1493_1-2,fallMig,2015,0.00855040763571287
1493_1-2,springMig,2015,0.00662065079588675
1493_1-2,winter1,2015,0.149518484001243
1493_1-2,winter2,2015,0.149199593751511
1496_1-2,fallMig,2015,0.209174311926606
1496_1-2,springMig,2015,0
1496_1-2,winter1,2015,0.124332639580129
1496_1-2,winter2,2015,0.204326749149844
1497_1-2,fallMig,2015,0.526515151515152
1497_1-2,springMig,2015,0
1497_1-2,winter1,2015,0.139921366504774
1497_1-2,winter2,2015,0.217552183842926
1498_1-2,fallMig,2015,0
1498_1-2,springMig,2015,0
1498_1-2,winter1,2015,0.0635331055499123
1498_1-2,winter2,2015,0.14262201683864
1499_1-2,fallMig,2015,0.0708300602251898
1499_1-2,springMig,2015,0.153846153846154
1499_1-2,winter1,2015,0.131124427211844
1501_1-2,fallMig,2015,0
1501_1-2,springMig,2015,0
1501_1-2,winter1,2015,0.127683615819209
1501_1-2,winter2,2015,0.114223171191215
1502_1-2,fallMig,2015,0.16604607865953
1502_1-2,springMig,2015,0.000418060200668896
1502_1-2,winter1,2015,0.135882635882636
1503_1-2,fallMig,2015,0.0775124505171753
1503_1-2,springMig,2015,0
1503_1-2,winter1,2015,0.118264186933715
1503_1-2,winter2,2015,0.131222672917874
1504_1-2,fallMig,2015,0
1504_1-2,springMig,2015,0
1504_1-2,winter1,2015,0.107351947759514
1510_1-2,fallMig,2015,0
1510_1-2,springMig,2015,0.00021551724137931
1510_1-2,winter1,2015,0.00683202138719739
1512_1-2,fallMig,2015,0.000187899285982713
1512_1-2,springMig,2015,0
1512_1-2,winter1,2015,0
1516_1-2,fallMig,2015,0
1516_1-2,springMig,2015,0
1516_1-2,winter1,2015,0.00106028476219327
1517_1-2,fallMig,2015,0.000126823081800888
1517_1-2,springMig,2015,0
1517_1-2,winter1,2015,0.000132374354675021
1520_1-2,fallMig,2015,5.11770726714432e-05
1520_1-2,springMig,2015,6.64054718108772e-05
1520_1-2,winter1,2015,9.34841544358231e-05
1530_3-4,winter2,2015,0.0104704437725286
1537_3-4,winter2,2015,0.00144558203305465
1539_3-4,winter2,2015,0.000514481484512938
1539_4-5,fallMig,2015,0.000378141857216722
1539_4-5,springMig,2015,0.000301945391019281
1539_4-5,winter1,2015,0.000641116968229092
1549_3-4,winter2,2015,0.00949156872764435
1560_1-2,winter2,2015,0.0105964189465664
1560_2-3,fallMig,2015,0.000299654035795037
1560_2-3,springMig,2015,0.000325670214498246
1560_2-3,winter1,2015,0.00553432859337456
1561_2-3,fallMig,2015,0
1561_2-3,springMig,2015,0.00277692070348658
1561_2-3,winter1,2015,0.0131702018525782
1563_1-2,winter2,2015,9.15750915750916e-05
1563_2-3,fallMig,2015,0.000101843364904776
1563_2-3,springMig,2015,0
1563_2-3,winter1,2015,0.000122033070962231
1565_1-2,winter2,2015,0.00146886016451234
1565_2-3,springMig,2015,0.00172130506220171
1565_2-3,winter1,2015,0.00222479153528134
1566_1-2,winter2,2015,0.00037708484408992
1566_2-3,fallMig,2015,0.000696337685795555
1566_2-3,springMig,2015,0.0026217317730057
1566_2-3,winter1,2015,0.00021485921067511
1567_2-3,fallMig,2015,0.043534818258394
1567_2-3,springMig,2015,0.0368430420300542
1567_2-3,winter1,2015,0.0670107819889691
1568_1-2,winter2,2015,0.0331525015069319
1568_2-3,fallMig,2015,0.000610654118323216
1568_2-3,springMig,2015,0.000180929980097702
1568_2-3,winter1,2015,0
1569_2-3,fallMig,2015,0.000152636800732657
1569_2-3,springMig,2015,0.000412508527820527
1569_2-3,winter1,2015,7.54694197911007e-05
172_1-2,winter2,2015,0.00561797752808989
173_1-2,winter2,2015,0
174_1-2,winter2,2015,0
177_1-2,fallMig,2015,0.0858294930875576
177_1-2,springMig,2015,0.0342491531802785
177_1-2,winter1,2015,0.0061711338307083
184_1-2,winter2,2015,0.0752293577981651
186_1-2,winter2,2015,0.00834938985228003
187_1-2,winter2,2015,0.0249379652605459
188_1-2,winter2,2015,0.0691823899371069
190_1-2,fallMig,2015,0.00366300366300366
190_1-2,springMig,2015,0.00666790146323393
190_1-2,winter1,2015,0.109090909090909
210_1-2,fallMig,2015,0.0367419956576252
210_1-2,springMig,2015,0
210_1-2,winter1,2015,0.00412735849056604
223_1-2,winter2,2015,0
224_1-2,winter2,2015,0
227_1-2,springMig,2015,0
227_1-2,winter1,2015,0
265_1-2,winter2,2015,0.0509803921568627
266_1-2,winter2,2015,0
266_2-3,fallMig,2015,0.000405432799513481
266_2-3,springMig,2015,0.00860113421550095
266_2-3,winter1,2015,0
278_1-2,winter2,2015,0
279_1-2,winter2,2015,0
280_1-2,winter2,2015,0
283_1-2,fallMig,2015,0.000106343382783006
283_1-2,springMig,2015,0
283_1-2,winter1,2015,0
284_1-2,fallMig,2015,0.000189429816253078
284_1-2,springMig,2015,0
284_1-2,winter1,2015,0.000237199688251838
376_1-2,fallMig,2015,0
376_1-2,springMig,2015,6.46495991724851e-05
376_1-2,winter1,2015,0.0380116959064327
637_1-2,winter2,2015,0
638_1-2,winter2,2015,0
639_1-2,winter2,2015,0
641_1-2,fallMig,2015,0.0200898533525473
641_1-2,springMig,2015,0.0165573037935982
641_1-2,winter1,2015,0
657_2-3,winter2,2015,0.106936416184971
658_1-2,winter2,2015,0.114285714285714
701_2-3,winter2,2015,0.0462644775359552
702_2-3,winter2,2015,0.0745203606375251
707_2-3,winter2,2015,0.0811246598810843
710_1-2,fallMig,2015,9.5000593753711e-05
710_1-2,springMig,2015,0.0173189522342065
710_1-2,winter1,2015,0.000489391714886145
711_1-2,fallMig,2015,0.0171514868217612
711_1-2,springMig,2015,0
711_1-2,winter1,2015,0.00692664568666256
714_1-2,fallMig,2015,0.000561041292639138
714_1-2,springMig,2015,0
714_1-2,winter1,2015,0
715_1-2,fallMig,2015,0.00104972092785089
715_1-2,springMig,2015,0
715_1-2,winter1,2015,0.00586795624096954
716_1-2,fallMig,2015,0.000901315537145706
716_1-2,springMig,2015,0.00614366729678639
716_1-2,winter1,2015,0.00579039449178848
717_1-2,fallMig,2015,0.00208586165048544
717_1-2,springMig,2015,0.0020667211622993
717_1-2,winter1,2015,0.00964481457755
718_1-2,fallMig,2015,0.000820030614476274
718_1-2,springMig,2015,0.0174087866395559
718_1-2,winter1,2015,0.00538307049023804
719_1-2,fallMig,2015,0.0027566139591868
719_1-2,springMig,2015,0.00729798128420929
719_1-2,winter1,2015,0.00534008356884027
720_1-2,fallMig,2015,0
720_1-2,springMig,2015,0.00327367184998043
720_1-2,winter1,2015,0.00628327564396625
721_1-2,fallMig,2015,0.000161686715819428
721_1-2,springMig,2015,0.00362088174438962
721_1-2,winter1,2015,0.00558782767670215
722_1-2,fallMig,2015,0.00321062311025217
722_1-2,springMig,2015,0.0099607218956178
722_1-2,winter1,2015,0.00698534693291194
723_1-2,fallMig,2015,0.00789099219524816
723_1-2,springMig,2015,0
723_1-2,winter1,2015,0.0020051039008385
724_1-2,fallMig,2015,0
724_1-2,springMig,2015,0
724_1-2,winter1,2015,0.0129229033338622
724_1-2,winter2,2015,0.0131430452365278
726_1-2,fallMig,2015,0.00137907257369419
726_1-2,springMig,2015,0
726_1-2,winter1,2015,0.00236108924917362
1166_2-3,winter2,2016,0.000606011959706225
1167_2-3,winter2,2016,0.000527394064788332
1169_3-4,fallMig,2016,0.000352013517319065
1169_3-4,springMig,2016,4.5533193698206e-05
1169_3-4,winter1,2016,0.000122410257979619
1173_2-3,winter2,2016,0.000444439422530066
1176_2-3,winter2,2016,0.000443693822636973
1178_2-3,winter2,2016,0.000855004125394905
1181_2-3,winter2,2016,0.000100644122383253
122_1-2,winter2,2016,0.00407758430681067
123_1-2,winter2,2016,0.00488787469010593
1233_2-3,winter2,2016,0.238156436437381
1233_3-4,fallMig,2016,0.300298857935746
1233_3-4,springMig,2016,0
1233_3-4,winter1,2016,0.197876014505267
1233_3-4,winter2,2016,0.162012717721869
1240_2-3,winter2,2016,0.108784780706908
1240_3-4,fallMig,2016,0
1240_3-4,springMig,2016,0.0461538461538462
1240_3-4,winter1,2016,0.0426094263234283
1240_3-4,winter2,2016,0.105214301718895
1248_2-3,winter2,2016,0.0289176142806233
1249_2-3,winter2,2016,0.340283228495307
1249_3-4,fallMig,2016,0.125800926219628
1249_3-4,springMig,2016,0.122862041567348
1249_3-4,winter1,2016,0.248149954411484
1249_3-4,winter2,2016,0.183217925776083
1252_2-3,winter2,2016,0.237925096857512
139_1-2,winter2,2016,1
1406_1-2,fallMig,2016,0.00111781801922647
1406_1-2,springMig,2016,9.95619275189168e-05
1406_1-2,winter1,2016,0.0002814681378068
1409_1-2,fallMig,2016,0.0125361620057859
1409_1-2,springMig,2016,0.112105950382391
1409_1-2,winter1,2016,0.0186918621657989
1485_1-2,winter2,2016,0.150690579262008
1485_2-3,fallMig,2016,0.0392047436344611
1485_2-3,springMig,2016,0
1485_2-3,winter1,2016,0.142750864294779
1487_2-3,fallMig,2016,0
1487_2-3,springMig,2016,0
1487_2-3,winter1,2016,0.114813099098457
1492_2-3,fallMig,2016,0
1492_2-3,springMig,2016,0.0412503355504519
1492_2-3,winter1,2016,0.15395307006786
1493_2-3,fallMig,2016,0.048095555767337
1493_2-3,springMig,2016,0.175824175824176
1493_2-3,winter1,2016,0.126276781265571
1496_2-3,fallMig,2016,0.00524044389642417
1496_2-3,springMig,2016,0.199645861000443
1496_2-3,winter1,2016,0.149311683727497
1497_2-3,fallMig,2016,0.2625
1497_2-3,springMig,2016,0.197237713489021
1497_2-3,winter1,2016,0.137182494136434
1498_2-3,fallMig,2016,0.0487997352544358
1498_2-3,springMig,2016,0.0304223645490739
1498_2-3,winter1,2016,0.14035033898825
1499_1-2,winter2,2016,0.156937593823719
1501_2-3,fallMig,2016,0
1501_2-3,springMig,2016,0
1501_2-3,winter1,2016,0.11371466269211
1502_1-2,winter2,2016,0.134238588012817
1502_2-3,fallMig,2016,0.0152153319245063
1502_2-3,springMig,2016,0.0109956990992453
1502_2-3,winter1,2016,0.136865160848734
1503_2-3,fallMig,2016,0.0426791452895078
1503_2-3,springMig,2016,0
1503_2-3,winter1,2016,0.134241502446766
1504_1-2,winter2,2016,0.131532226939406
1504_2-3,fallMig,2016,0.135041366426475
1504_2-3,springMig,2016,0.0586244245870566
1504_2-3,winter1,2016,0.126976871743304
1510_1-2,winter2,2016,0.0307926773287307
1512_1-2,winter2,2016,0.00088809946714032
1516_1-2,winter2,2016,0.00569151963574274
1517_1-2,winter2,2016,0.00276258205689278
1520_1-2,winter2,2016,0.00689755388713974
1539_4-5,winter2,2016,0.000354378865301736
1560_2-3,winter2,2016,0.00586936621614345
1561_2-3,winter2,2016,0.000493122093589986
1563_2-3,winter2,2016,0.000113147770988912
1565_2-3,fallMig,2016,0.000955337950800096
1565_2-3,winter2,2016,0.00045928394428779
1566_2-3,winter2,2016,0.000231058943136394
1567_2-3,winter2,2016,0.0325416761817767
1568_2-3,winter2,2016,0.000701104239176703
1569_2-3,winter2,2016,0.00329507827820105
1605_1-2,fallMig,2016,0.13512837661016
1605_1-2,springMig,2016,0.171531351842288
1605_1-2,winter1,2016,0.0883750255303656
177_1-2,winter2,2016,0
190_1-2,winter2,2016,0.105263157894737
210_1-2,winter2,2016,0.00998466920869531
227_1-2,fallMig,2016,7.08893063481374e-05
227_1-2,winter2,2016,0.000113301608882846
266_2-3,winter2,2016,0.0482119107433131
283_1-2,winter2,2016,0.000280905451906646
284_1-2,winter2,2016,0.000222637812806127
376_1-2,winter2,2016,0.0133205991756308
641_1-2,winter2,2016,0
710_1-2,winter2,2016,0.00316750633827143
710_2-3,fallMig,2016,0.000760138345178823
710_2-3,springMig,2016,0.00342406272485919
710_2-3,winter1,2016,0.00509486999297259
711_1-2,winter2,2016,0.00595215784462919
711_2-3,fallMig,2016,0.018775077598607
711_2-3,springMig,2016,0.000134674088705333
711_2-3,winter1,2016,0.00162430821005126
712_2-3,fallMig,2016,0.00550829200706278
712_2-3,springMig,2016,0.0080894858488509
712_2-3,winter1,2016,0.0144450855933833
714_1-2,winter2,2016,0.00324718608947378
714_2-3,fallMig,2016,0.00860691993905736
714_2-3,springMig,2016,0.0172325485336638
714_2-3,winter1,2016,0.0048938957296306
715_1-2,winter2,2016,0.00731152905065949
715_2-3,fallMig,2016,6.43479939512886e-05
715_2-3,springMig,2016,0.0081496831785757
715_2-3,winter1,2016,0.00821234785159114
716_1-2,winter2,2016,0.0069133519042732
716_2-3,fallMig,2016,0.0099484975360332
716_2-3,springMig,2016,0.0153993975277864
716_2-3,winter1,2016,0.00791870648124671
717_1-2,winter2,2016,0.00812722254657396
717_2-3,springMig,2016,0.00269230769230769
717_2-3,winter1,2016,0.00798233835558887
718_1-2,winter2,2016,0.00895704809952672
718_2-3,fallMig,2016,0.0101737242128122
718_2-3,springMig,2016,0.0199577454161322
718_2-3,winter1,2016,0.00681659927436201
719_1-2,winter2,2016,0.00924769291849442
719_2-3,fallMig,2016,0.00588049683026878
719_2-3,springMig,2016,0
719_2-3,winter1,2016,0.0106220195207464
720_1-2,winter2,2016,0.0104819829888357
720_2-3,fallMig,2016,0.00413621599675193
720_2-3,springMig,2016,0.00190758796100042
720_2-3,winter1,2016,0.0103411689107402
721_1-2,winter2,2016,0.00809816749666374
721_2-3,fallMig,2016,0.00391638181287253
721_2-3,springMig,2016,0.00462053509669922
721_2-3,winter1,2016,0.00893828875767049
722_1-2,winter2,2016,0.00726905954368392
722_2-3,fallMig,2016,0.0103802179026577
722_2-3,springMig,2016,4.02689968992872e-05
722_2-3,winter1,2016,0.00819337913419447
723_1-2,winter2,2016,0.00676045225094368
723_2-3,fallMig,2016,0.0109808861383427
723_2-3,springMig,2016,0.0113778054862843
723_2-3,winter1,2016,0.00607162487844066
724_2-3,fallMig,2016,0.00636047249224228
724_2-3,springMig,2016,0.00193040188635245
724_2-3,winter1,2016,0.0105846003242681
726_1-2,winter2,2016,0.00406148555504499
726_2-3,fallMig,2016,0.0139197850362311
726_2-3,springMig,2016,0.00187107898888359
726_2-3,winter1,2016,0.00456343170063888
10_1-2,fallMig,2019,0
10_1-2,springMig,2019,0
10_1-2,winter1,2019,0.00154270705190012
10_1-2,winter2,2020,0
1132_1-2,fallMig,2018,0.75751780848114
1132_1-2,springMig,2018,0.650938913429894
1132_1-2,winter1,2018,0.744214861404482
1132_1-2,winter2,2019,0.821982504159287
1133_1-2,fallMig,2018,0.0925377974139678
1133_1-2,springMig,2018,0.0615319027994884
1133_1-2,winter1,2018,0.00104255520803715
1133_1-2,winter2,2019,0.19803328290469
1137_1-2,fallMig,2018,0.773262285375962
1137_1-2,springMig,2018,0.57008992421378
1137_1-2,winter1,2018,0.69187675070028
1137_1-2,winter2,2019,0.815759532188501
1138_1-2,fallMig,2018,0.782750623881425
1138_1-2,springMig,2018,0.652374723015725
1138_1-2,winter1,2018,0.664438845234028
1138_1-2,winter2,2019,0.692240924181006
1139_1-2,fallMig,2018,0.285198555956679
1139_1-2,springMig,2018,0.136752136752137
1139_1-2,winter1,2018,0.428821230199547
1139_1-2,winter2,2019,0.528604051128444
1142_1-2,fallMig,2018,0.734328230565296
1142_1-2,springMig,2018,0.278956652968828
1142_1-2,winter1,2018,0.534800965018094
1142_1-2,winter2,2019,0.460464696050234
1143_1-2,fallMig,2019,0.036823022886925
1143_1-2,springMig,2018,0.000391542678151919
1143_1-2,winter1,2018,0.00533216783216783
1143_1-2,winter2,2019,0.0979228486646884
1144_1-2,fallMig,2018,0.358060024752475
1144_1-2,springMig,2018,0.19335424426583
1144_1-2,winter1,2018,0.481978679000508
1144_1-2,winter2,2018,0.543363994743758
1147_1-2,fallMig,2018,0.600854076097411
1147_1-2,springMig,2018,0.000754117236849574
1147_1-2,winter1,2018,0.0964035897230135
1147_1-2,winter2,2019,0.00518080118016895
1148_1-2,fallMig,2018,0.762166178230899
1148_1-2,springMig,2018,0.709747916243139
1148_1-2,winter1,2018,0.705499901302803
1148_1-2,winter2,2019,0.770751117054238
1149_1-2,fallMig,2018,0
1149_1-2,springMig,2018,0
1149_1-2,winter1,2018,0.532308453710291
1149_1-2,winter2,2019,0.719060001926226
1151_1-2,fallMig,2018,0.248610933150066
1151_1-2,springMig,2018,0.250561130182202
1151_1-2,winter1,2018,0.476481914454683
1151_1-2,winter2,2019,0.563968459240779
1152_1-2,fallMig,2018,0.0151279369371668
1152_1-2,springMig,2018,6.58906215681968e-05
1152_1-2,winter1,2018,0.0056977634152564
1152_1-2,winter2,2019,0.0751815463477147
1153_1-2,fallMig,2018,0.695637634898921
1153_1-2,springMig,2018,0.524943231032142
1153_1-2,winter1,2018,0.730219843282103
1153_1-2,winter2,2019,0.773043756918954
1154_1-2,fallMig,2018,0.806865049029323
1154_1-2,springMig,2018,0.642994667659713
1154_1-2,winter1,2018,0.720934700641226
1154_1-2,winter2,2019,0.769265071606209
1157_1-2,fallMig,2018,0.362224387866975
1157_1-2,springMig,2018,0.459359699725071
1157_1-2,winter1,2018,0.729834297326872
1157_1-2,winter2,2019,0.665188470066519
1159_1-2,fallMig,2018,1
1159_1-2,springMig,2018,0.468188105117566
1159_1-2,winter1,2018,0.407756011574151
1159_1-2,winter2,2019,0.695738939794255
1160_1-2,fallMig,2018,0.340215069878976
1160_1-2,springMig,2018,0.0959214501510574
1160_1-2,winter1,2018,0.445155023071319
1160_1-2,winter2,2019,0.585291811075413
1161_1-2,fallMig,2018,0.45566641529101
1161_1-2,springMig,2018,0.47734113237549
1161_1-2,winter1,2018,0.729441522232761
1161_1-2,winter2,2019,0.789057543071892
1162_1-2,fallMig,2018,0.771675013912076
1162_1-2,springMig,2018,0.67701559441884
1162_1-2,winter1,2018,0.730383553237189
1162_1-2,winter2,2019,0.822876372530313
1163_1-2,fallMig,2019,0.0594033722438392
1163_1-2,springMig,2018,0.000479214088894214
1163_1-2,winter1,2018,0.0797983523914915
1163_1-2,winter2,2019,0.0752829426030719
1164_1-2,fallMig,2018,0.769356386471153
1164_1-2,springMig,2018,0.00108593086942999
1164_1-2,winter1,2018,0.0241862957080806
1164_1-2,winter2,2019,0.758823086763489
1169_3-4,winter2,2017,0.000545414559049923
1233_4-5,fallMig,2017,0.247757698935183
1233_4-5,springMig,2017,0.115167095115681
1233_4-5,winter1,2017,0.194883203559511
1233_4-5,winter2,2018,0.0710544197208054
1240_4-5,fallMig,2017,0.0140812775657194
1240_4-5,springMig,2017,0.0139620573099059
1240_4-5,winter1,2017,0.156432717226018
1240_4-5,winter2,2018,0.0666851418483393
1358_1-2,fallMig,2017,0.00768144826440791
1358_1-2,springMig,2017,0.00912654302931024
1358_1-2,winter1,2017,0.0437727204820477
1358_1-2,winter2,2018,0.0497314317466197
1359_1-2,fallMig,2017,0.000354519889044856
1359_1-2,springMig,2017,0.00231885116444672
1359_1-2,winter1,2017,0.0344411759332006
1359_1-2,winter2,2018,0.0263892672296377
1368_1-2,fallMig,2017,0.0103245895993571
1368_1-2,springMig,2017,0.00803914152590792
1368_1-2,winter1,2017,0.0253793726701058
1368_1-2,winter2,2018,0.0314657170036832
1379_1-2,fallMig,2017,0.000992618005897886
1379_1-2,springMig,2017,0
1379_1-2,winter1,2017,0.0499567572488507
1379_1-2,winter2,2018,0.0483589087809037
14_1-2,fallMig,2019,3.8709053079789e-05
14_1-2,springMig,2019,0.000712946581817222
14_1-2,winter1,2019,0.0128448494052139
14_1-2,winter2,2020,2.86033008209147e-05
1406_1-2,winter2,2017,0.000831869858582124
1409_1-2,winter2,2017,0.0233742830904649
1485_2-3,winter2,2017,0.1274950801237
1487_2-3,winter2,2017,0.127459450968071
1487_3-4,fallMig,2017,0.0471302957633893
1487_3-4,springMig,2017,0
1487_3-4,winter1,2017,0.10724870123078
1487_3-4,winter2,2018,0.166921685909028
1492_2-3,winter2,2017,0.14261839603919
1492_3-4,fallMig,2017,0
1492_3-4,springMig,2017,0
1492_3-4,winter1,2017,0.136000351308625
1492_3-4,winter2,2018,0.147141539880129
1493_2-3,winter2,2017,0.156312664648292
1493_3-4,fallMig,2017,0.0732647814910026
1493_3-4,springMig,2017,0.00147686248769281
1493_3-4,winter1,2017,0.13197048802608
1493_3-4,winter2,2018,0
1496_2-3,winter2,2017,0.164010222595056
1496_3-4,fallMig,2017,0.177089783281734
1496_3-4,springMig,2017,0.107877867746289
1496_3-4,winter1,2017,0.114528741939909
1496_3-4,winter2,2018,0.169055910063104
1497_2-3,winter2,2017,0.18320788285206
1498_2-3,winter2,2017,0.150965419969846
1498_3-4,fallMig,2017,0.0519976270924144
1498_3-4,springMig,2017,0.0239953127912861
1498_3-4,winter1,2017,0.115000875196919
1498_3-4,winter2,2018,0.117218266899353
1501_2-3,winter2,2017,0.132218349159469
1501_3-4,fallMig,2017,0
1501_3-4,springMig,2017,0
1501_3-4,winter1,2017,0.129606782449147
1501_3-4,winter2,2018,0.1625500169549
1502_2-3,winter2,2017,0.15073688549933
1502_3-4,fallMig,2017,0
1502_3-4,springMig,2017,0.0356770833333333
1502_3-4,winter1,2017,0.11620817129963
1502_3-4,winter2,2018,0.184451644743901
1503_2-3,winter2,2017,0.184105737862215
1503_3-4,fallMig,2017,0.0472268120052282
1503_3-4,springMig,2017,0.0827812842313912
1503_3-4,winter1,2017,0.150279731900515
1503_3-4,winter2,2018,0.139142603675984
1504_2-3,winter2,2017,0.108713495194472
1558_1-2,fallMig,2017,0.0665173800193394
1558_1-2,springMig,2017,0
1558_1-2,winter1,2017,0.023809148637789
1558_1-2,winter2,2018,0.0353741790062875
1558_2-3,fallMig,2018,0
1558_2-3,springMig,2018,0.00125295837393847
1558_2-3,winter1,2018,0.00903298496445083
1558_2-3,winter2,2019,0
16_1-2,fallMig,2019,0.235167430873975
16_1-2,springMig,2019,0.108861502347418
16_1-2,winter1,2019,0.0763877100662027
16_1-2,winter2,2020,0.0516523867809058
1605_1-2,winter2,2017,0.055076807793181
1609_2-3,fallMig,2018,0.050168065002779
1609_2-3,springMig,2017,0
1609_2-3,winter1,2017,0.0502426069556127
1609_2-3,winter2,2018,0.0316626368765188
1674_1-2,fallMig,2018,0.000371756224896353
1674_1-2,springMig,2018,0.00198948415517976
1674_1-2,winter1,2018,0.00158637642229036
1674_1-2,winter2,2019,0.00410709991607438
1691_1-2,fallMig,2018,0.000436591192985435
1691_1-2,springMig,2018,0
1691_1-2,winter1,2018,0.00119430408819476
1691_1-2,winter2,2019,0.000780660289360921
17_1-2,fallMig,2019,0
17_1-2,springMig,2019,0
17_1-2,winter1,2019,0.00940398210000649
17_1-2,winter2,2020,2.08746477403194e-05
1713_1-2,fallMig,2018,0.00373321192806738
1713_1-2,springMig,2018,0.00110054026522111
1713_1-2,winter1,2018,0.000911990121051111
1713_1-2,winter2,2019,0.00287388133394147
1718_1-2,fallMig,2018,0.000275071572020681
1718_1-2,springMig,2018,0
1718_1-2,winter1,2018,0.00102437848633014
1718_1-2,winter2,2019,0.00109289617486339
1720_1-2,fallMig,2018,0.000243268081425731
1720_1-2,springMig,2018,0.000302057168293536
1720_1-2,winter1,2018,6.41972138409193e-05
1720_1-2,winter2,2019,0.000227235838337932
1721_1-2,fallMig,2019,5.52404802239081e-05
1721_1-2,springMig,2018,0
1721_1-2,winter1,2018,4.58148165116599e-05
1721_1-2,winter2,2019,0.000331615182208125
1771_1-2,fallMig,2017,0.000328731097961867
1771_1-2,springMig,2017,0.000117660901282504
1771_1-2,winter1,2017,0.00926640926640927
1771_1-2,winter2,2018,0.0120075046904315
1771_2-3,fallMig,2018,0.000926211793763507
1771_2-3,springMig,2018,0.000323345548609614
1771_2-3,winter1,2018,0.0111254434053531
1771_2-3,winter2,2019,0.0134474327628362
1772_2-3,fallMig,2018,0.00219591880456323
1772_2-3,springMig,2018,0.000162857608164595
1772_2-3,winter1,2018,0.1
1772_2-3,winter2,2019,0.0134264052636852
1773_2-3,fallMig,2018,0.00812720848056537
1773_2-3,springMig,2018,6.05143721633888e-05
1773_2-3,winter1,2018,0.00625
1773_2-3,winter2,2019,0.01545073160749
1775_1-2,fallMig,2019,0.00432432432432432
1775_1-2,springMig,2018,0.00512876473155827
1775_1-2,winter1,2018,0.0793918918918919
1775_1-2,winter2,2019,0
1776_1-2,fallMig,2018,7.5340917652377e-05
1776_1-2,springMig,2018,5.43478260869565e-05
1776_1-2,winter1,2018,0
1776_1-2,winter2,2019,0
1777_1-2,fallMig,2018,0.00230584762958864
1777_1-2,springMig,2018,0
1777_1-2,winter1,2018,0.0132141469102215
1777_1-2,winter2,2018,0.008909340121402
1778_1-2,fallMig,2018,0.0139168940022931
1778_1-2,springMig,2018,0.00756227758007117
1778_1-2,winter1,2018,0.13855421686747
1778_1-2,winter2,2019,0
19_1-2,fallMig,2019,8.124796880078e-06
19_1-2,springMig,2019,0.00733244585751274
19_1-2,winter1,2019,0.00881379041682898
19_1-2,winter2,2020,0.000676084120772486
20_1-2,fallMig,2019,0.00963845140001707
20_1-2,springMig,2019,0.00175346131235937
20_1-2,winter1,2019,0.000217526413921691
20_1-2,winter2,2020,0.033455789844497
21_1-2,fallMig,2019,0.000104569695702186
21_1-2,springMig,2019,0
21_1-2,winter1,2019,0.00294458656164308
21_1-2,winter2,2020,0.0349320502207506
22_1-2,fallMig,2019,0.0252438978096648
22_1-2,springMig,2019,0.0271273852501289
22_1-2,winter1,2019,0.0219027369984138
22_1-2,winter2,2020,0.00396775070205635
24_1-2,fallMig,2019,0.000685770266960568
24_1-2,springMig,2019,0.000914155120697043
24_1-2,winter1,2019,0.0011736200499735
24_1-2,winter2,2020,0.000645397242002453
26_1-2,fallMig,2019,0.0409892949427833
26_1-2,springMig,2019,0.00529703751775911
26_1-2,winter1,2019,0.0377723346654635
26_1-2,winter2,2020,0.0248980124282529
27_1-2,fallMig,2019,0
27_1-2,springMig,2019,0.000650984905287509
27_1-2,winter1,2019,0.0128179621998011
27_1-2,winter2,2020,0.000518623290900519
3_1-2,fallMig,2019,0
3_1-2,springMig,2019,6.20328153593251e-05
3_1-2,winter1,2019,0.00088565112004901
3_1-2,winter2,2020,0.000357936872035048
32_1-2,fallMig,2019,0.029768886916273
32_1-2,springMig,2019,0
32_1-2,winter1,2019,0
32_1-2,winter2,2020,0.0264837692993072
33_1-2,fallMig,2019,0.000219825201064257
33_1-2,springMig,2019,0.000283631746946457
33_1-2,winter1,2019,0.0152501678637557
33_1-2,winter2,2020,0.00314946797831761
34_1-2,fallMig,2019,0.0104225953329539
34_1-2,springMig,2019,0.00614091790562379
34_1-2,winter1,2019,0.0494163097337701
34_1-2,winter2,2020,0.0166630842125922
36_1-2,fallMig,2019,0
36_1-2,springMig,2019,1.61877782274383e-05
36_1-2,winter1,2019,0.0020932467057101
36_1-2,winter2,2020,0
39_1-2,fallMig,2019,0
39_1-2,springMig,2019,0
39_1-2,winter1,2019,0.00237197590462014
39_1-2,winter2,2020,0.000381556925691789
4_1-2,fallMig,2019,0
4_1-2,springMig,2019,5.05216358905701e-05
4_1-2,winter1,2019,0.00185980845330455
4_1-2,winter2,2020,0.000914086423355611
40_1-2,fallMig,2019,0.000612342095117139
40_1-2,springMig,2019,0.000676120800249645
40_1-2,winter1,2019,0.00284283455079449
40_1-2,winter2,2020,0.000642834482643469
41_1-2,fallMig,2019,0.000168960632172704
41_1-2,springMig,2019,0.000303608605135323
41_1-2,winter1,2019,7.06863646002686e-05
41_1-2,winter2,2020,0.00350640593391773
42_1-2,fallMig,2019,0
42_1-2,springMig,2019,0.000196158103431366
42_1-2,winter1,2019,0.000179509302635312
42_1-2,winter2,2020,0.000860877509428659
43_1-2,fallMig,2019,0.0130038600265772
43_1-2,springMig,2019,2.76407258454607e-05
43_1-2,winter1,2019,0.00935451710752392
43_1-2,winter2,2020,0.00841170629125533
44_1-2,fallMig,2019,0
44_1-2,springMig,2019,0.000147690655209452
44_1-2,winter1,2019,0.00202962790155138
44_1-2,winter2,2020,0.000411920707577953
45_1-2,fallMig,2019,0.000351473258742897
45_1-2,springMig,2019,0.000173800534919424
45_1-2,winter1,2019,6.24713672899921e-05
45_1-2,winter2,2020,0.000265768958185684
46_1-2,fallMig,2019,0.000457551229396577
46_1-2,springMig,2019,0.000293790013587788
46_1-2,winter1,2019,0.000897937008586994
46_1-2,winter2,2020,0.000579070729353371
48_1-2,fallMig,2019,0.00130691775328957
48_1-2,springMig,2019,9.78329990705865e-05
48_1-2,winter1,2019,0.00319474739462842
48_1-2,winter2,2020,0.000833238861807051
49_1-2,fallMig,2019,0.0117400066002429
49_1-2,springMig,2019,0
49_1-2,winter1,2019,0.0201765447667087
49_1-2,winter2,2020,0.0051622510392753
5_1-2,fallMig,2019,3.5553027340278e-05
5_1-2,springMig,2019,0.000737520812613841
5_1-2,winter1,2019,0.000164558747472848
5_1-2,winter2,2020,0.000225108614906693
50_1-2,fallMig,2019,0.00010612331529237
50_1-2,springMig,2019,0.000296882206683031
50_1-2,winter1,2019,0.000356553215567423
50_1-2,winter2,2020,0.000540968086981111
51_1-2,fallMig,2019,0
51_1-2,springMig,2019,0
51_1-2,winter1,2019,0.00143795360900211
51_1-2,winter2,2020,0
52_1-2,fallMig,2019,0.000142067876874507
52_1-2,springMig,2019,0.000275184088666211
52_1-2,winter1,2019,0.00111865165187561
52_1-2,winter2,2020,0.00107836511621074
53_1-2,fallMig,2019,0.0665106299980496
53_1-2,springMig,2019,0.000153221481651728
53_1-2,winter1,2019,0.00463425559039383
53_1-2,winter2,2020,0.00466889209671599
54_1-2,fallMig,2019,0.00883327199116673
54_1-2,springMig,2019,0.00038533170637724
54_1-2,winter1,2019,0.051239696189412
54_1-2,winter2,2020,0.0314485089338799
55_1-2,fallMig,2019,0.000293338977323783
55_1-2,springMig,2019,0.000229537359254659
55_1-2,winter1,2019,0.00539057727093041
55_1-2,winter2,2020,0.00122897076169829
56_1-2,fallMig,2019,3.36561114690412e-05
56_1-2,springMig,2019,0.000470320971878356
56_1-2,winter1,2019,0.0172361129292665
56_1-2,winter2,2020,0.000321934468450422
59_1-2,fallMig,2019,0
59_1-2,springMig,2019,0.00174735425694398
59_1-2,winter1,2019,0.00277714318350563
59_1-2,winter2,2020,0.000350305772219262
6_1-2,fallMig,2019,0.000167252644015202
6_1-2,springMig,2019,0.000472050271679997
6_1-2,winter1,2019,0.00101577437858509
6_1-2,winter2,2020,0.000673004122150248
60_1-2,fallMig,2019,0
60_1-2,springMig,2019,0
60_1-2,winter1,2019,0.000451510507880911
60_1-2,winter2,2020,0.000494856697747944
7_1-2,fallMig,2019,0.0371393752186976
7_1-2,springMig,2019,0.0471228129286901
7_1-2,winter1,2019,0.0745621555419473
7_1-2,winter2,2020,0.0274333184414204
710_2-3,winter2,2017,0.00712725034620711
711_2-3,winter2,2017,0.014456714528909
712_2-3,winter2,2017,0.00646997455936453
714_2-3,winter2,2017,1.5350372246527e-05
715_2-3,winter2,2017,0.0109002606752731
716_2-3,winter2,2017,0.0100861963609176
717_2-3,fallMig,2017,0.00706160902031558
717_2-3,winter2,2017,0.00763866515625487
718_2-3,winter2,2017,0.0104968303110718
719_2-3,winter2,2017,0.00844410585747546
720_2-3,winter2,2017,0.0118542175464963
721_2-3,winter2,2017,0.00758667177731665
722_2-3,winter2,2017,0.00900721075875147
723_2-3,winter2,2017,0.00801269044896152
724_2-3,winter2,2017,0.00686386664487661
726_2-3,winter2,2017,0.00798840897521244
9_1-2,fallMig,2019,0.000376101832309703
9_1-2,springMig,2019,0.000540595159905017
9_1-2,winter1,2019,0.012477216682749
9_1-2,winter2,2020,0.0146491275751481
